CN201720065884.8,1,0.008196721,0.032258065,0,0,0,0,0.5,0,0.2,0,0,0,0,0,0,0,0.111111111,0.083333333,0,0.285714286,0,0.012295082,0.111111111,0,0,1
CN201720064923.2,1,0.01147541,0.043010753,0,0,,0,0.5,0,0,0,0,0,0,0,0,0,0.111111111,0.083333333,0,0.285714286,0,0.024590164,0.111111111,0,0,1
CN201621485510.3,1,0.008196721,0.032258065,0,0,0,0,0.5,0,0.133333333,0.2,0.2,0,0,0,0,0,0.111111111,0.083333333,0,0.285714286,0,0.012295082,0.518518519,0,0,1
CN201620145718.4,1,0.009836066,0.032258065,0,0,0,0,0.5,0,0.2,0,0,0,0,0,0,0,0,0,0,0.285714286,0,0.020491803,0,0,0,0.6
CN201510855653.2,1,0.02295082,0,0,0.333333333,0.444444444,0,1,1,0.2,0.2,0.4,0,0,0,0,0,0.111111111,0.25,0.4,0.928571429,0,0.040983607,0.111111111,0,0,1
CN201610293430.6,1,0.01147541,0,0,0.25,0.333333333,0,1,1,0,0,0,0,0,0,0,0,0,0.166666667,0.2,1,0,0.028688525,0,0,0,1
CN201380030061.6,1,0.093442623,0.043010753,0,0.5,0.111111111,0.416666667,1,1,0.133333333,0.2,0.4,0.015625,0.047619048,1,0,0,0.222222222,0.333333333,0.4,0.857142857,1,0.229508197,0.111111111,0,0,1
CN201310589856.2,1,0.02295082,0.032258065,0.125,0.25,0.333333333,0,1,1,0,0,0,0,0,0,0,0,0.222222222,0.333333333,0.6,0.857142857,0,0.040983607,0.148148148,0,0,1
CN201410822442.4,1,0.016393443,0.021505376,0.125,0.25,0.333333333,0,1,1,0.4,0.2,0.6,0,0,0,0,0,0,0.166666667,0.2,0.928571429,0,0.024590164,0.111111111,0.333333333,0,1
CN201520226125.6,1,0.01147541,0.032258065,0,0,0,0,0.5,0,0.066666667,0,0,0,0,0,0,0,0,0,0,0.214285714,0,0.024590164,0.074074074,0,0,1
CN201420811092.7,1,0.018032787,0.075268817,0,0,0,0,0.5,0,0.066666667,0,0,0,0,0,0,0,0,0,0,0.142857143,0,0.053278689,0.037037037,0,0,1
CN201510167228.4,1,0.013114754,0.064516129,0,0.416666667,0.444444444,0.083333333,1,1,0,0,0,0,0,0,0,0,0,0.166666667,0.4,0.928571429,0,0.004098361,0.111111111,0,0,1
CN201410794655.0,1,0.021311475,0.086021505,0,0.666666667,0.888888889,0,1,1,0.066666667,0,0,0,0,0,0,0,0,0.25,0.6,0.857142857,0,0.057377049,0.037037037,0,0,1
CN201510050768.4,1,0.018032787,0,0.125,0.25,0.222222222,0.083333333,1,1,0.133333333,0,0.2,0,0,0,0,0,0,0.166666667,0.4,0.928571429,0,0.040983607,0.111111111,0,0.333333333,1
CN201410771449.8,1,0.018032787,0,0.125,0.083333333,0.111111111,0,1,1,0.333333333,0.4,0.6,0,0,0,0,0,0,0.083333333,0,0.928571429,0,0.028688525,0,0,0,1
CN201510604291.X,1,0.024590164,0.021505376,0,0.333333333,0.444444444,0,1,1,0.2,0,0,0,0,0,0,0,0,0.166666667,0.4,1,0,0.040983607,0,0,0,1
CN201280031188.5,1,0.047540984,0.182795699,0.25,0.333333333,0,0.333333333,1,1,0.333333333,0.2,0.4,0.140625,0.214285714,1,1,1,0.222222222,0.25,0.4,0.714285714,1,0.045081967,0.185185185,0.333333333,0.333333333,1
CN201210486619.9,1,0.059016393,0.096774194,0.5,0.416666667,0.222222222,0.25,1,1,0.933333333,0.2,0.4,0,0,1,1,0,0.222222222,0.416666667,0.6,0.714285714,0,0.040983607,0.111111111,0,0,1
CN201180020099.6,1,0.285245902,0.247311828,0.25,0.25,0.333333333,0,1,1,0.066666667,0.2,0.2,0.359375,0.30952381,0,0,1,0.333333333,0.583333333,0.8,0.785714286,1,0.086065574,0.185185185,0.333333333,0,1
CN201410114646.2,1,0.07704918,0.107526882,0,0.25,0.222222222,0.083333333,1,1,0.333333333,0.4,0.6,0.0625,0.095238095,0,0,0,0.111111111,0.25,0.4,0.785714286,1,0.040983607,0.074074074,0,0,1
CN201310436201.1,1,0.01147541,0.053763441,0.25,0.25,0.222222222,0.083333333,1,1,0,0,0,0,0,0,0,0,0.111111111,0.166666667,0.4,0.785714286,0,0.024590164,0,0.333333333,0,1
CN201310320965.4,1,0.044262295,0.129032258,0.125,0.166666667,0.111111111,0.083333333,1,1,0.466666667,0.4,0.6,0,0,1,0,0,0.111111111,0.25,0.4,0.857142857,1,0.06557377,0.037037037,0,0.333333333,1
CN201280053488.3,1,0.221311475,0,0.125,0.166666667,0,0.166666667,1,1,0.6,0.2,0.4,0.53125,0.714285714,0,0,1,0.222222222,0.333333333,0.4,0.928571429,1,0.139344262,0.148148148,0,0,0.6
CN201280038931.X,1,0.068852459,0.021505376,0.25,0.166666667,0,0.166666667,1,1,0.2,0.2,0.4,0.078125,0.119047619,0,0,1,0.222222222,0.333333333,0.4,0.785714286,1,0.106557377,0.222222222,0,0,1
CN201280026418.9,1,0.142622951,0,0,0.25,0,0.25,1,1,0.866666667,0.2,0.4,0.171875,0.142857143,0,0,1,0.222222222,0.416666667,0.6,0.928571429,1,0.090163934,0.037037037,0,0,0.6
CN201280055976.8,1,0.029508197,0.064516129,0,0.666666667,0.555555556,0.25,1,1,0.133333333,0,0.2,0.0625,0.095238095,0,0,1,0.222222222,0.416666667,0.6,0.714285714,1,0.069672131,0.111111111,0.333333333,0,1
CN201210263908.2,1,0.016393443,0.032258065,0.25,0.5,0.333333333,0.25,1,1,0,0,0,0.015625,0.023809524,0,0,0,0.222222222,0.5,0.8,0.928571429,0,0.040983607,0.148148148,0.333333333,0,1
CN201410338034.1,1,0.013114754,0,0.125,0.416666667,0.111111111,0.333333333,1,1,0,0,0,0,0,0,0,0,0,0.083333333,0.2,0.857142857,0,0.032786885,0.333333333,0,0.333333333,1
CN201410386682.4,1,0.014754098,0.043010753,0.25,0.333333333,0.333333333,0.083333333,1,1,0.666666667,0.2,0.4,0,0,0,0,0,0,0.083333333,0.2,0.785714286,0,0.040983607,0.222222222,0,0,0.8
CN201410427405.3,1,0.018032787,0,0,0.416666667,0.555555556,0,1,1,0.133333333,0,0,0,0,0,0,0,0,0.333333333,0.6,0.928571429,0,0.040983607,0.148148148,0,0,1
CN201410322440.9,1,0.026229508,0,0.375,0.166666667,0.222222222,0,1,1,0.066666667,0,0.2,0,0,0,0,0,0,0.083333333,0.2,0.928571429,0,0.040983607,0.037037037,0,0,1
CN201410147858.0,1,0.019672131,0,0,0.5,0.666666667,0,1,1,0.066666667,0,0,0,0,0,0,0,0,0.083333333,0.2,1,0,0.040983607,0,0,0.333333333,1
CN201310664352.2,1,0.014754098,0.010752688,0.25,0.083333333,0.111111111,0,1,1,0.133333333,0.2,0.2,0,0,0,0,0,0,0.333333333,0.8,0.714285714,0,0.032786885,0,0,0.333333333,1
CN201430008776.9,1,0.008196721,0.064516129,0,0,0,0,0.5,0,0,0,0,0,0,0,0,0,0.111111111,0.083333333,0,0.285714286,0,0,0.074074074,0,0,1
CN201720519604.6,0,0.008196721,0.010752688,0,0,0,0,0.5,0,0.066666667,0,0,0,0,0,0,0,0.111111111,0.083333333,0,0.285714286,0,0.020491803,0,0,0,0.6
CN201720642492.3,0,0.008196721,0.010752688,0,0,0,0,0.5,0,0.066666667,0,0,0,0,0,0,0,0.111111111,0.083333333,0,0.285714286,0,0.020491803,0,0,0,0.6
CN201720911925.0,0,0.008196721,0.021505376,0,0,0,0,0.5,0,0,0,0,0,0,0,0,0,0.111111111,0.083333333,0,0.285714286,0,0.008196721,0.074074074,0,0,1
CN201720851472.7,0,0.008196721,0.010752688,0,0,0,0,0.5,0,0.2,0,0.2,0,0,0,0,0,0.111111111,0.083333333,0,0.285714286,0,0.024590164,0.222222222,0,0,1
CN201820374338.7,0,0.009836066,0.053763441,0,0,0,0,0.5,0,0,0,0,0,0,0,0,0,0.111111111,0.083333333,0,0.357142857,0,0.008196721,0.185185185,0.333333333,0.333333333,1
CN201720914940.0,0,0.009836066,0.043010753,0,0,0,0,0.5,0,0.133333333,0,0,0,0,0,0,0,0.111111111,0.083333333,0,0.285714286,0,0.020491803,0,0,0,0.6
CN201720185883.7,0,0.006557377,0.010752688,0,0,0,0,0.5,0,0.133333333,0.4,0.4,0,0,0,0,0,0.111111111,0.083333333,0,0.285714286,0,0.020491803,0.037037037,0,0,1
CN201721690598.7,0,0.009836066,0.021505376,0,0,0,0,0.5,0,0.2,0,0,0,0,0,0,0,0.111111111,0.083333333,0,0.285714286,0,0.028688525,0,0,0,1
CN201721637234.2,0,0.008196721,0.021505376,0,0,0,0,0.5,0,0.133333333,0.2,0.2,0,0,0,0,0,0.111111111,0.083333333,0,0.285714286,0,0.020491803,0.148148148,0,0,1
CN201720845958.X,0,0.014754098,0.053763441,0,0,0,0,0.5,0,0.066666667,0.2,0.2,0,0,0,0,0,0.111111111,0.083333333,0,0.285714286,0,0.040983607,0.111111111,0,0,0.8
CN201720500264.2,0,0.014754098,0.064516129,0,0,0,0,0.5,0,0,0,0,0,0,0,0,0,0.111111111,0.083333333,0,0.285714286,0,0.040983607,0.111111111,0,0,0.8
CN201820236278.2,0,0.009836066,0.053763441,0,0,0,0,0.5,0,0.066666667,0.2,0.2,0,0,0,0,0,0.111111111,0.083333333,0,0.357142857,0,0.028688525,0.074074074,0,0,1
CN201820246966.7,0,0.008196721,0.021505376,0,0,0,0,0.5,0,0.133333333,0.2,0.2,0,0,0,0,0,0.111111111,0.083333333,0,0.357142857,0,0.012295082,0.074074074,0,0,1
CN201820246960.X,0,0.008196721,0.010752688,0,0,0,0,0.5,0,0,0,0,0,0,0,0,0,0.111111111,0.083333333,0,0.357142857,0,0.020491803,0.074074074,0,0,1
CN201720722888.9,0,0.008196721,0.010752688,0,0,0,0,0.5,0,0.066666667,0,0,0,0,0,0,0,0.111111111,0.083333333,0,0.285714286,0,0.024590164,0.296296296,0,0,0.8
CN201721883523.0,0,0.006557377,0.010752688,0,0,0,0,0.5,0,0.266666667,0,0,0,0,0,0,0,0.111111111,0.083333333,0,0.285714286,0,0.012295082,0.037037037,0,0,1
CN201721819627.5,0,0.006557377,0.021505376,0,0,0,0,0.5,0,0,0,0,0,0,0,0,0,0.111111111,0.083333333,0,0.285714286,0,0.016393443,0,0,0,1
CN201721522754.9,0,0.009836066,0.032258065,0,0,0,0,0.5,0,0,0,0,0,0,0,0,0,0.111111111,0.083333333,0,0.285714286,0,0.024590164,0.074074074,0,0,1
CN201721909947.X,0,0.009836066,0.021505376,0,0,0,0,0.5,0,0,0,0,0,0,0,0,0,0.111111111,0.083333333,0,0.285714286,0,0.024590164,0.037037037,0,0,1
CN201721868446.1,0,0.008196721,0.021505376,0,0,0,0,0.5,0,0.2,0,0,0,0,0,0,0,0.111111111,0.083333333,0,0.285714286,0,0.032786885,0.148148148,0,0,1
CN201721552561.8,0,0.008196721,0.010752688,0,0,0,0,0.5,0,0.2,0.2,0.2,0,0,0,0,0,0.111111111,0.083333333,0,0.285714286,0,0.020491803,0,0,0,1
CN201820090898.X,0,0.009836066,0.021505376,0,0,0,0,0.5,0,0.133333333,0,0,0,0,0,0,0,0.111111111,0.083333333,0,0.357142857,0,0.028688525,0,0,0,1
CN201721552565.6,0,0.008196721,0.010752688,0,0,0,0,0.5,0,0.2,0.2,0.2,0,0,0,0,0,0.111111111,0.083333333,0,0.285714286,0,0.016393443,0,0,0,1
CN201721223663.5,0,0.029508197,0.11827957,0,0,0,0,0.5,0,0.066666667,0,0,0,0,0,0,0,0.111111111,0.083333333,0,0.285714286,0,0.028688525,0.037037037,0,0,1
CN201721883545.7,0,0.006557377,0.010752688,0,0,0,0,0.5,0,0,0,0,0,0,0,0,0,0.111111111,0.083333333,0,0.285714286,0,0.016393443,0,0,0,1
CN201721217138.2,0,0.013114754,0.043010753,0,0,0,0,0.5,0,0.066666667,0,0,0,0,0,0,0,0.111111111,0.083333333,0,0.285714286,0,0.040983607,0,0,0,1
CN201721853037.4,0,0.008196721,0.021505376,0,0,0,0,0.5,0,0.066666667,0,0,0,0,0,0,0,0.111111111,0.083333333,0,0.285714286,0,0.020491803,0.037037037,0,0,1
CN201721849624.6,0,0.009836066,0.010752688,0,0,0,0,0.5,0,0.2,0,0,0,0,0,0,0,0.111111111,0.083333333,0,0.285714286,0,0.024590164,0.185185185,0,0,1
CN201721604390.9,0,0.009836066,0.021505376,0,0,0,0,0.5,0,0.133333333,0.2,0.2,0,0,0,0,0,0.111111111,0.083333333,0,0.285714286,0,0.024590164,0,0,0,1
CN201721594674.4,0,0.009836066,0.021505376,0,0,0,0,0.5,0,0.066666667,0,0,0,0,0,0,0,0.111111111,0.083333333,0,0.285714286,0,0.024590164,0,0,0,1
CN201820252587.9,0,0.006557377,0.021505376,0,0,0,0,0.5,0,0,0,0,0,0,0,0,0,0.111111111,0.083333333,0,0.357142857,0,0.016393443,0,0,0,1
CN201820010551.X,0,0.009836066,0.032258065,0,0,0,0,0.5,0,0.066666667,0,0,0,0,0,0,0,0.111111111,0.083333333,0,0.357142857,0,0.008196721,0.222222222,0,0,0.8
CN201721702107.6,0,0.008196721,0.010752688,0,0,0,0,0.5,0,0.066666667,0,0,0,0,0,0,0,0.111111111,0.083333333,0,0.285714286,0,0.012295082,0.111111111,0,0,1
CN201721879432.X,0,0.006557377,0.010752688,0,0,0,0,0.5,0,0.066666667,0,0,0,0,0,0,0,0.111111111,0.083333333,0,0.285714286,0,0.016393443,0.037037037,0,0,1
CN201721692603.8,0,0.009836066,0.021505376,0,0,0,0,0.5,0,0.133333333,0,0.2,0,0,0,0,0,0.111111111,0.083333333,0,0.285714286,0,0.024590164,0,0,0,1
CN201721803225.6,0,0.01147541,0.032258065,0,0,0,0,0.5,0,0,0,0,0,0,0,0,0,0.111111111,0.083333333,0,0.285714286,0,0.016393443,0.148148148,0,0,1
CN201721602307.4,0,0.01147541,0.032258065,0,0,0,0,0.5,0,0.2,0,0,0,0,0,0,0,0.111111111,0.083333333,0,0.285714286,0,0.024590164,0,0,0,1
CN201721789640.0,0,0.008196721,0.021505376,0,0,0,0,0.5,0,0.066666667,0,0,0,0,0,0,0,0.111111111,0.083333333,0,0.285714286,0,0.028688525,0.185185185,0,0,1
CN201721788958.7,0,0.009836066,0.032258065,0,0,0,0,0.5,0,0,0,0,0,0,0,0,0,0.111111111,0.083333333,0,0.285714286,0,0.032786885,0.185185185,0,0,1
CN201721709567.1,0,0.009836066,0.021505376,0,0,0,0,0.5,0,0.066666667,0,0,0,0,0,0,0,0.111111111,0.083333333,0,0.285714286,0,0.028688525,0.111111111,0,0,1
CN201721788960.4,0,0.01147541,0.032258065,0,0,0,0,0.5,0,0,0,0,0,0,0,0,0,0.111111111,0.083333333,0,0.285714286,0,0.028688525,0.148148148,0,0,1
CN201721638033.4,0,0.008196721,0.032258065,0,0,0,0,0.5,0,0.066666667,0,0,0,0,0,0,0,0.111111111,0.083333333,0,0.285714286,0,0.024590164,0.148148148,0,0,1
CN201720673676.6,0,0.01147541,0.010752688,0,0,0,0,0.5,0,0.066666667,0,0,0,0,0,0,0,0.111111111,0.083333333,0,0.285714286,0,0.016393443,0,0,0,1
CN201721629133.0,0,0.008196721,0.010752688,0,0,0,0,0.5,0,0.2,0,0,0,0,0,0,0,0.111111111,0.083333333,0,0.285714286,0,0.020491803,0.074074074,0,0,0.6
CN201721143738.9,0,0.01147541,0.043010753,0,0,0,0,0.5,0,0.066666667,0,0,0,0,0,0,0,0.111111111,0.083333333,0,0.285714286,0,0.024590164,0.074074074,0,0,1
CN201721637231.9,0,0.008196721,0.032258065,0,0,0,0,0.5,0,0.133333333,0,0,0,0,0,0,0,0.111111111,0.083333333,0,0.285714286,0,0.020491803,0.148148148,0,0,1
CN201721426719.7,0,0.009836066,0.043010753,0,0,0,0,0.5,0,0.066666667,0,0,0,0,0,0,0,0.111111111,0.083333333,0,0.285714286,0,0.020491803,0.037037037,0,0,0.6
CN201721548023.1,0,0.018032787,0.075268817,0,0,0,0,0.5,0,0,0,0,0,0,0,0,0,0.111111111,0.083333333,0,0.285714286,0,0.032786885,0,0,0,1
CN201721548106.0,0,0.016393443,0.064516129,0,0,0,0,0.5,0,0.333333333,0.2,0.2,0,0,0,0,0,0.111111111,0.083333333,0,0.285714286,0,0.024590164,0,0,0,1
CN201721548001.5,0,0.013114754,0.043010753,0,0,0,0,0.5,0,0.2,0.2,0.2,0,0,0,0,0,0.111111111,0.083333333,0,0.285714286,0,0.028688525,0,0,0,1
CN201721636680.1,0,0.008196721,0.021505376,0,0,0,0,0.5,0,0.2,0,0,0,0,0,0,0,0.111111111,0.083333333,0,0.285714286,0,0.016393443,0.148148148,0,0,1
CN201721410243.8,0,0.008196721,0.032258065,0,0,0,0,0.5,0,0.2,0,0,0,0,0,0,0,0.111111111,0.083333333,0,0.285714286,0,0.016393443,0,0,0,0.8
CN201721460091.2,0,0.006557377,0.010752688,0,0,0,0,0.5,0,0,0,0,0,0,0,0,0,0.111111111,0.083333333,0,0.285714286,0,0.024590164,0,0.333333333,0.333333333,1
CN201820253353.6,0,0.008196721,0.010752688,0,0,0,0,0.5,0,0.066666667,0,0.2,0,0,0,0,0,0,0,0,0.357142857,0,0.024590164,0,0,0,1
CN201721467871.X,0,0.008196721,0.021505376,0,0,0,0,0.5,0,0.2,0,0,0,0,0,0,0,0.111111111,0.083333333,0,0.285714286,0,0.016393443,0,0.333333333,0.333333333,1
CN201721552183.3,0,0.006557377,0.010752688,0,0,0,0,0.5,0,0.333333333,0.2,0.2,0,0,0,0,0,0.111111111,0.083333333,0,0.285714286,0,0.016393443,0,0,0,1
CN201721552196.0,0,0.008196721,0.021505376,0,0,0,0,0.5,0,0.133333333,0,0,0,0,0,0,0,0.111111111,0.083333333,0,0.285714286,0,0.020491803,0,0,0,1
CN201721484735.1,0,0.013114754,0.053763441,0,0,0,0,0.5,0,0.066666667,0,0,0,0,0,0,0,0.111111111,0.083333333,0,0.285714286,0,0.020491803,0,0,0,1
CN201721368283.0,0,0.006557377,0.021505376,0,0,0,0,0.5,0,0.266666667,0,0,0,0,0,0,0,0.111111111,0.083333333,0,0.285714286,0,0.020491803,0.148148148,0,0,1
CN201721347693.7,0,0.006557377,0.010752688,0,0,0,0,0.5,0,0,0,0,0,0,0,0,0,0.111111111,0.083333333,0,0.285714286,0,0.016393443,0.037037037,0,0,1
CN201721458522.1,0,0.009836066,0.043010753,0,0,0,0,0.5,0,0,0,0,0,0,0,0,0,0.111111111,0.083333333,0,0.285714286,0,0.020491803,0,0.333333333,0.333333333,1
CN201721080701.6,0,0.009836066,0.032258065,0,0,0,0,0.5,0,0,0,0,0,0,0,0,0,0.111111111,0.083333333,0,0.285714286,0,0.028688525,0,0,0,0.6
CN201721033513.8,0,0.008196721,0.021505376,0,0,0,0,0.5,0,0,0,0,0,0,0,0,0,0.111111111,0.083333333,0,0.285714286,0,0.020491803,0.148148148,0,0,0.6
CN201721310927.0,0,0.009836066,0.043010753,0,0,0,0,0.5,0,0.2,0,0,0,0,0,0,0,0.111111111,0.083333333,0,0.285714286,0,0.028688525,0,0,0,0.6
CN201721324793.8,0,0.009836066,0.043010753,0,0,0,0,0.5,0,0,0,0,0,0,0,0,0,0.111111111,0.083333333,0,0.285714286,0,0.020491803,0,0,0,1
CN201720948835.9,0,0.01147541,0.032258065,0,0,0,0,0.5,0,0.066666667,0,0,0,0,0,0,0,0.111111111,0.083333333,0,0.285714286,0,0.040983607,0.037037037,0,0,1
CN201721357663.4,0,0.008196721,0.010752688,0,0,0,0,0.5,0,0.066666667,0,0,0,0,0,0,0,0.111111111,0.083333333,0,0.285714286,0,0.040983607,0,0,0,1
CN201721286866.9,0,0.009836066,0.032258065,0,0,0,0,0.5,0,0.133333333,0,0,0,0,0,0,0,0.111111111,0.083333333,0,0.285714286,0,0.016393443,0,0,0,0.8
CN201720960664.1,0,0.013114754,0.053763441,0,0,0,0,0.5,0,0.133333333,0,0,0,0,0,0,0,0.111111111,0.083333333,0,0.285714286,0,0.032786885,0.111111111,0,0,1
CN201721173160.1,0,0.01147541,0.053763441,0,0,0,0,0.5,0,0,0,0,0,0,0,0,0,0.111111111,0.083333333,0,0.285714286,1,0.024590164,0,0,0,1
CN201721164332.9,0,0.01147541,0.043010753,0,0,0,0,0.5,0,0.133333333,0.2,0.2,0,0,0,0,0,0.111111111,0.083333333,0,0.285714286,0,0.020491803,0.259259259,0,0,1
CN201721234296.9,0,0.008196721,0.010752688,0,0,0,0,0.5,0,0.133333333,0,0,0,0,0,0,0,0.111111111,0.083333333,0,0.285714286,0,0.020491803,0,0,0,1
CN201720970557.7,0,0.009836066,0.043010753,0,0,0,0,0.5,0,0,0,0,0,0,0,0,0,0.111111111,0.083333333,0,0.285714286,0,0.012295082,0.185185185,0,0,1
CN201720969525.5,0,0.01147541,0.043010753,0,0,0,0,0.5,0,0.066666667,0.2,0.2,0,0,0,0,0,0.111111111,0.083333333,0,0.285714286,0,0.020491803,0.185185185,0,0,1
CN201720960682.X,0,0.009836066,0.021505376,0,0,0,0,0.5,0,0.066666667,0.2,0.2,0,0,0,0,0,0.111111111,0.083333333,0,0.285714286,0,0.032786885,0.111111111,0,0,1
CN201721187237.0,0,0.01147541,0.021505376,0,0,0,0,0.5,0,0.066666667,0,0,0,0,0,0,0,0.111111111,0.083333333,0,0.285714286,0,0.028688525,0.037037037,0,0,1
CN201721099843.7,0,0.014754098,0.053763441,0,0,0,0,0.5,0,0.2,0,0,0,0,0,0,0,0.111111111,0.083333333,0,0.285714286,0,0.024590164,0.148148148,0,0,1
CN201721032666.0,0,0.004918033,0.010752688,0,0,0,0,0.5,0,0.066666667,0,0,0,0,0,0,0,0.111111111,0.083333333,0,0.285714286,0,0.004098361,0.074074074,0,0,1
CN201721155539.X,0,0.014754098,0.053763441,0,0,0,0,0.5,0,0,0,0,0,0,0,0,0,0.111111111,0.083333333,0,0.285714286,0,0.028688525,0.259259259,0,0,1
CN201721113253.5,0,0.008196721,0.010752688,0,0,0,0,0.5,0,0.066666667,0,0,0,0,0,0,0,0.111111111,0.083333333,0,0.285714286,0,0.024590164,0.037037037,0,0,1
CN201720521344.6,0,0.006557377,0.021505376,0,0,0,0,0.5,0,0.133333333,0,0,0,0,0,0,0,0.111111111,0.083333333,0,0.285714286,0,0.020491803,0.037037037,0,0,1
CN201720960692.3,0,0.008196721,0.010752688,0,0,0,0,0.5,0,0.133333333,0,0,0,0,0,0,0,0.111111111,0.083333333,0,0.285714286,0,0.036885246,0.111111111,0,0,1
CN201721166996.9,0,0.016393443,0.096774194,0,0,0,0,0.5,0,0,0,0,0,0,0,0,0,0.111111111,0.083333333,0,0.285714286,0,0.020491803,0.074074074,0,0,1
CN201720960685.3,0,0.01147541,0.032258065,0,0,0,0,0.5,0,0.066666667,0,0,0,0,0,0,0,0.111111111,0.083333333,0,0.285714286,0,0.036885246,0.111111111,0,0,1
CN201720111405.1,0,0.009836066,0.032258065,0,0,0,0,0.5,0,0.066666667,0,0.2,0,0,0,0,0,0.111111111,0.083333333,0,0.285714286,0,0.024590164,0.148148148,0,0,1
CN201720923755.8,0,0.006557377,0.010752688,0,0,0,0,0.5,0,0,0,0,0,0,0,0,0,0.111111111,0.083333333,0,0.285714286,0,0.028688525,0.074074074,0,0,1
CN201720647739.0,0,0.006557377,0.010752688,0,0,0,0,0.5,0,0,0,0,0,0,0,0,0,0.111111111,0.083333333,0,0.285714286,0,0.020491803,0.074074074,0,0,1
CN201720853501.3,0,0.013114754,0.043010753,0,0,0,0,0.5,0,0.2,0,0.2,0,0,0,0,0,0.111111111,0.083333333,0,0.285714286,0,0.040983607,0,0,0,1
CN201720648160.6,0,0.008196721,0.010752688,0,0,0,0,0.5,0,0.066666667,0,0,0,0,0,0,0,0.111111111,0.083333333,0,0.285714286,0,0.040983607,0.074074074,0,0,1
CN201720648176.7,0,0.008196721,0.010752688,0,0,0,0,0.5,0,0.066666667,0,0,0,0,0,0,0,0.111111111,0.083333333,0,0.285714286,0,0.028688525,0.074074074,0,0,1
CN201710638592.3,0,0.016393443,0.075268817,0,0.25,0.333333333,0,1,1,0.066666667,0,0,0,0,0,0,0,0,0.083333333,0.2,1,0,0.040983607,0.037037037,0,0,0.6
CN201580025038.7,0,0.02295082,0.107526882,0,0.5,0.222222222,0.333333333,1,1,0.2,0.2,0.4,0.09375,0.119047619,0,0,1,0.222222222,0.25,0.2,0.857142857,1,0.028688525,0,0,0,1
CN201621375958.X,0,0.008196721,0.032258065,0,0,0,0,0.5,0,0.066666667,0,0,0,0,0,0,0,0.111111111,0.083333333,0,0.214285714,0,0.020491803,0.074074074,0,0,1
CN201621028169.9,0,0.006557377,0.010752688,0,0,0,0,0.5,0,0,0,0,0,0,0,0,0,0.111111111,0.083333333,0,0.214285714,0,0.028688525,0.296296296,0,0,1
CN201620610098.7,0,0.01147541,0.053763441,0,0,0,0,0.5,0,0.066666667,0,0,0,0,0,0,0,0.111111111,0.083333333,0,0.214285714,0,0.016393443,0,0,0,1
CN201620735925.5,0,0.006557377,0.021505376,0,0,0,0,0.5,0,0,0,0,0,0,0,0,0,0,0,0,0.214285714,0,0.024590164,0,0,0,0.8
CN201620942469.1,0,0.008196721,0.021505376,0,0,0,0,0.5,0,0.066666667,0.2,0.2,0,0,0,0,0,0,0,0,0.214285714,0,0.020491803,0,0,0,1
CN201620605138.9,0,0.008196721,0.010752688,0,0,0,0,0.5,0,0,0,0,0,0,0,0,0,0.111111111,0.083333333,0,0.214285714,0,0.020491803,0,0,0,1
CN201620607727.0,0,0.009836066,0.043010753,0,0,0,0,0.5,0,0.133333333,0,0,0,0,0,0,0,0.111111111,0.083333333,0,0.214285714,0,0.020491803,0,0,0,1
CN201620605676.8,0,0.008196721,0.010752688,0,0,0,0,0.5,0,0.133333333,0.2,0.2,0,0,0,0,0,0.111111111,0.083333333,0,0.214285714,0,0.020491803,0,0,0,1
CN201620607615.5,0,0.008196721,0.021505376,0,0,0,0,0.5,0,0.066666667,0,0,0,0,0,0,0,0.111111111,0.083333333,0,0.214285714,0,0.020491803,0,0,0,1
CN201620605169.4,0,0.01147541,0.032258065,0,0,0,0,0.5,0,0.133333333,0,0,0,0,0,0,0,0.111111111,0.083333333,0,0.214285714,0,0.016393443,0,0,0,1
CN201620577885.6,0,0.008196721,0.010752688,0,0,0,0,0.5,0,0.133333333,0,0,0,0,0,0,0,0.111111111,0.083333333,0,0.214285714,0,0.012295082,0.037037037,0,0,1
CN201620572102.5,0,0.008196721,0.010752688,0,0,0,0,0.5,0,0.133333333,0.2,0.2,0,0,0,0,0,0.111111111,0.083333333,0,0.214285714,0,0.016393443,0.111111111,0,0,1
CN201720577884.6,0,0.009836066,0.021505376,0,0,0,0,0.5,0,0.066666667,0,0,0,0,0,0,0,0.111111111,0.083333333,0,0.285714286,0,0.024590164,0,0,0,1
CN201720462667.2,0,0.006557377,0.021505376,0,0,0,0,0.5,0,0.133333333,0,0.2,0,0,0,0,0,0.111111111,0.083333333,0,0.285714286,0,0.028688525,0,0,0,1
CN201720553501.1,0,0.01147541,0.021505376,0,0,0,0,0.5,0,0,0,0,0,0,0,0,0,0.111111111,0.083333333,0,0.285714286,0,0.040983607,0.185185185,0,0,1
CN201720219477.8,0,0.006557377,0.021505376,0,0,0,0,0.5,0,0,0,0,0,0,0,0,0,0.111111111,0.083333333,0,0.285714286,0,0.028688525,0.111111111,0,0,1
CN201620517014.5,0,0.006557377,0.010752688,0,0,0,0,0.5,0,0.133333333,0.2,0.2,0,0,0,0,0,0.111111111,0.083333333,0,0.214285714,0,0.020491803,0.037037037,0,0,1
CN201720410814.1,0,0.006557377,0.010752688,0,0,0,0,0.5,0,0.133333333,0,0,0,0,0,0,0,0.111111111,0.083333333,0,0.285714286,0,0.020491803,0.148148148,0,0,0.8
CN201720161107.3,0,0.009836066,0.032258065,0,0,0,0,0.5,0,0.066666667,0,0,0,0,0,0,0,0.111111111,0.083333333,0,0.285714286,0,0.040983607,0.074074074,0,0,1
CN201720111362.7,0,0.009836066,0.032258065,0,0,0,0,0.5,0,0,0,0,0,0,0,0,0,0.111111111,0.083333333,0,0.285714286,0,0.024590164,0,0,0,1
CN201720111373.5,0,0.009836066,0.021505376,0,0,0,0,0.5,0,0.2,0,0,0,0,0,0,0,0.111111111,0.083333333,0,0.285714286,0,0.020491803,0,0,0,1
CN201720111657.4,0,0.009836066,0.032258065,0,0,0,0,0.5,0,0,0,0,0,0,0,0,0,0.111111111,0.083333333,0,0.285714286,0,0.020491803,0.074074074,0,0,1
CN201621253889.5,0,0.008196721,0.021505376,0,0,0,0,0.5,0,0.066666667,0,0.2,0,0,0,0,0,0.111111111,0.083333333,0,0.214285714,0,0.004098361,0.148148148,0,0,1
CN201720100241.2,0,0.008196721,0.010752688,0,0,0,0,0.5,0,0.066666667,0.2,0.2,0,0,0,0,0,0.111111111,0.083333333,0,0.285714286,0,0.020491803,0,0,0,1
CN201720103564.7,0,0.016393443,0.075268817,0,0,0,0,0.5,0,0.133333333,0,0,0,0,0,0,0,0.111111111,0.083333333,0,0.285714286,0,0.040983607,0,0,0,1
CN201621485528.3,0,0.006557377,0.021505376,0,0,0,0,0.5,0,0.066666667,0.2,0.2,0,0,0,0,0,0.111111111,0.083333333,0,0.214285714,0,0.012295082,0.518518519,0,0,1
CN201720084810.9,0,0.004918033,0.021505376,0,0,0,0,0.5,0,0,0,0,0,0,0,0,0,0.111111111,0.083333333,0,0.285714286,0,0.004098361,0.111111111,0,0,1
CN201720111401.3,0,0.009836066,0.032258065,0,0,0,0,0.5,0,0.066666667,0,0,0,0,0,0,0,0.111111111,0.083333333,0,0.285714286,0,0.024590164,0,0,0,1
CN201621410659.5,0,0.008196721,0.010752688,0,0,0,0,0.5,0,0.066666667,0,0,0,0,0,0,0,0.111111111,0.083333333,0,0.214285714,0,0.024590164,0,0,0,1
CN201720088870.8,0,0.008196721,0.021505376,0,0,0,0,0.5,0,0.066666667,0.2,0.2,0,0,0,0,0,0.111111111,0.083333333,0,0.285714286,0,0.020491803,0,0,0,0.6
CN201621449655.8,0,0.008196721,0.010752688,0,0,0,0,0.5,0,0.066666667,0,0,0,0,0,0,0,0.111111111,0.083333333,0,0.214285714,0,0.016393443,0.037037037,0,0,1
CN201621121899.3,0,0.006557377,0.010752688,0,0,0,0,0.5,0,0,0,0,0,0,0,0,0,0.111111111,0.083333333,0,0.214285714,0,0.012295082,0,0,0,1
CN201621492278.6,0,0.01147541,0.043010753,0,0,0,0,0.5,0,0.066666667,0,0,0,0,0,0,0,0.111111111,0.083333333,0,0.214285714,0,0.020491803,0.185185185,0,0,1
CN201720049599.7,0,0.009836066,0.043010753,0,0,0,0,0.5,0,0,0,0,0,0,0,0,0,0.111111111,0.083333333,0,0.285714286,0,0.016393443,0.111111111,0,0,1
CN201720049890.4,0,0.006557377,0.021505376,0,0,0,0,0.5,0,0,0,0,0,0,0,0,0,0.111111111,0.083333333,0,0.285714286,0,0.008196721,0.111111111,0,0,1
CN201621480459.7,0,0.009836066,0.032258065,0,0,0,0,0.5,0,0,0,0,0,0,0,0,0,0.111111111,0.083333333,0,0.214285714,0,0.036885246,0,0,0,1
CN201621468343.1,0,0.006557377,0.021505376,0,0,0,0,0.5,0,0.066666667,0,0,0,0,0,0,0,0.111111111,0.083333333,0,0.214285714,0,0.012295082,0.037037037,0,0,1
CN201710439942.3,0,0.018032787,0.064516129,0.25,0.5,0.666666667,0,1,1,0.2,0.2,0.6,0,0,0,0,0,0,0.083333333,0.2,1,0,0.032786885,0.111111111,0.333333333,0.333333333,1
CN201621344983.1,0,0.006557377,0.010752688,0,0,0,0,0.5,0,0.133333333,0.2,0.2,0,0,0,0,0,0.111111111,0.083333333,0,0.214285714,0,0.020491803,0,0,0,1
CN201610720456.4,0,0.031147541,0.161290323,0,0.416666667,0.444444444,0.083333333,1,1,0,0,0,0,0,0,0,0,0,0.166666667,0.4,0.928571429,0,0.040983607,0.111111111,0,0,1
CN201621325573.2,0,0.006557377,0.010752688,0,0,0,0,0.5,0,0.066666667,0,0,0,0,0,0,0,0.111111111,0.083333333,0,0.214285714,0,0.032786885,0,0,0,1
CN201621375903.9,0,0.008196721,0.021505376,0,0,0,0,0.5,0,0,0,0,0,0,0,0,0,0.111111111,0.083333333,0,0.214285714,0,0.020491803,0.074074074,0,0,1
CN201621348123.5,0,0.008196721,0.010752688,0,0,0,0,0.5,0,0.133333333,0,0,0,0,0,0,0,0.111111111,0.083333333,0,0.214285714,0,0.032786885,0.074074074,0,0,1
CN201621215052.1,0,0.009836066,0.032258065,0,0,0,0,0.5,0,0.066666667,0.2,0.2,0,0,0,0,0,0.111111111,0.083333333,0,0.214285714,0,0.028688525,0,0,0,0.6
CN201710453777.7,0,0.013114754,0.021505376,0.625,0.083333333,0.111111111,0,1,1,0.2,0,0.2,0,0,0,0,0,0,0.083333333,0.2,1,0,0.040983607,0.111111111,0.333333333,0.333333333,1
CN201621326824.9,0,0.008196721,0.021505376,0,0,0,0,0.5,0,0.2,0,0,0,0,0,0,0,0.111111111,0.083333333,0,0.214285714,0,0.032786885,0,0,0,1
CN201621347938.1,0,0.01147541,0.064516129,0,0,0,0,0.5,0,0.266666667,0,0,0,0,0,0,0,0.111111111,0.083333333,0,0.214285714,0,0.020491803,0.074074074,0,0,1
CN201621186265.6,0,0.008196721,0.032258065,0,0,0,0,0.5,0,0.333333333,0.2,0.2,0,0,0,0,0,0.111111111,0.083333333,0,0.214285714,0,0.020491803,0,0,0,1
CN201621186501.4,0,0.008196721,0.032258065,0,0,0,0,0.5,0,0.066666667,0,0,0,0,0,0,0,0.111111111,0.083333333,0,0.214285714,0,0.016393443,0,0,0,1
CN201621186272.6,0,0.006557377,0.021505376,0,0,0,0,0.5,0,0.133333333,0,0,0,0,0,0,0,0.111111111,0.083333333,0,0.214285714,0,0.012295082,0,0,0,1
CN201621291949.2,0,0.008196721,0.021505376,0,0,0,0,0.5,0,0.133333333,0,0,0,0,0,0,0,0.111111111,0.083333333,0,0.214285714,0,0.016393443,0,0,0,1
CN201621285947.2,0,0.006557377,0.021505376,0,0,0,0,0.5,0,0,0,0,0,0,0,0,0,0.111111111,0.083333333,0,0.214285714,0,0.020491803,0,0,0,1
CN201621289947.X,0,0.009836066,0.021505376,0,0,0,0,0.5,0,0.266666667,0.2,0.4,0,0,0,0,0,0.111111111,0.083333333,0,0.214285714,0,0.020491803,0,0,0,1
CN201621218798.8,0,0.01147541,0.021505376,0,0,0,0,0.5,0,0.133333333,0,0,0,0,0,0,0,0.111111111,0.083333333,0,0.214285714,0,0.024590164,0,0,0,0.6
CN201620943100.2,0,0.008196721,0.021505376,0,0,0,0,0.5,0,0.2,0,0,0,0,0,0,0,0.111111111,0.083333333,0,0.214285714,0,0.020491803,0,0,0,1
CN201621026270.0,0,0.008196721,0.021505376,0,0,0,0,0.5,0,0.066666667,0,0,0,0,0,0,0,0.111111111,0.083333333,0,0.214285714,0,0.036885246,0.296296296,0,0,1
CN201621166393.4,0,0.009836066,0.032258065,0,0,0,0,0.5,0,0.266666667,0,0,0,0,0,0,0,0,0,0,0.214285714,0,0.008196721,0,0,0,1
CN201621143010.1,0,0.006557377,0.010752688,0,0,0,0,0.5,0,0.133333333,0,0,0,0,0,0,0,0,0,0,0.214285714,0,0.008196721,0,0,0,1
CN201621032197.8,0,0.006557377,0.021505376,0,0,0,0,0.5,0,0.133333333,0,0,0,0,0,0,0,0.111111111,0.083333333,0,0.214285714,0,0.016393443,0.111111111,0,0,1
CN201620895110.3,0,0.006557377,0.010752688,0,0,0,0,0.5,0,0,0,0,0,0,0,0,0,0.111111111,0.083333333,0,0.214285714,0,0.020491803,0.037037037,0,0,1
CN201620895023.8,0,0.008196721,0.010752688,0,0,0,0,0.5,0,0.066666667,0,0,0,0,0,0,0,0.111111111,0.083333333,0,0.214285714,0,0.020491803,0.037037037,0,0,1
CN201620881683.0,0,0.006557377,0.010752688,0,0,0,0,0.5,0,0,0,0,0,0,0,0,0,0.111111111,0.083333333,0,0.214285714,0,0.020491803,0.037037037,0,0,1
CN201620893704.0,0,0.006557377,0.010752688,0,0,0,0,0.5,0,0.066666667,0,0,0,0,0,0,0,0.111111111,0.083333333,0,0.214285714,0,0.024590164,0,0,0,1
CN201620893741.1,0,0.008196721,0.021505376,0,0,0,0,0.5,0,0.066666667,0,0,0,0,0,0,0,0.111111111,0.083333333,0,0.214285714,0,0.028688525,0,0,0,1
CN201621299291.X,0,0.009836066,0.032258065,0,0,0,0,0.5,0,0.066666667,0,0,0,0,0,0,0,0,0,0,0.214285714,0,0.024590164,0.37037037,0,0,1
CN201410405741.8,0,0.029508197,0,0,0.333333333,0.333333333,0.083333333,1,1,0.133333333,0,0,0,0,0,0,0,0.111111111,0.166666667,0.2,0.785714286,0,0.036885246,0.074074074,0,0,0.6
CN201620145729.2,0,0.006557377,0.021505376,0,0,0,0,0.5,0,0.133333333,0,0,0,0,0,0,0,0,0,0,0.214285714,0,0.028688525,0,0,0,0.6
CN201410406305.2,0,0.036065574,0,0,0,0,0,1,1,0.133333333,0,0,0,0,0,0,0,0.111111111,0.166666667,0.2,0.785714286,0,0.036885246,0.074074074,0,0,0.6
CN201410404882.8,0,0.027868852,0,0,0,0,0,1,1,0.133333333,0,0,0,0,0,0,0,0.111111111,0.166666667,0.2,0.785714286,0,0.036885246,0.074074074,0,0,0.6
CN201620149754.8,0,0.009836066,0.032258065,0,0,0,0,0.5,0,0,0,0,0,0,0,0,0,0.111111111,0.083333333,0,0.214285714,0,0.012295082,0,0,0,0.6
CN201620145743.2,0,0.01147541,0.053763441,0,0,0,0,0.5,0,0.066666667,0,0,0,0,0,0,0,0.111111111,0.083333333,0,0.214285714,0,0.020491803,0,0,0,0.6
CN201620145721.6,0,0.008196721,0.010752688,0,0,0,0,0.5,0,0.066666667,0,0,0,0,0,0,0,0.111111111,0.083333333,0,0.214285714,0,0.012295082,0,0,0,0.6
CN201620274246.2,0,0.006557377,0.010752688,0,0,0,0,0.5,0,0,0,0,0,0,0,0,0,0,0,0,0.214285714,0,0.016393443,0,0,0,0.6
CN201620149760.3,0,0.008196721,0.010752688,0,0,0,0,0.5,0,0.2,0,0,0,0,0,0,0,0,0,0,0.214285714,0,0.020491803,0,0,0,0.6
CN201620149756.7,0,0.006557377,0.010752688,0,0,0,0,0.5,0,0.066666667,0,0,0,0,0,0,0,0,0,0,0.214285714,0,0.016393443,0,0,0,0.6
CN201620145749.X,0,0.01147541,0.043010753,0,0,0,0,0.5,0,0.133333333,0.2,0.2,0,0,0,0,0,0,0,0,0.214285714,0,0.020491803,0,0,0,0.6
CN201620145739.6,0,0.009836066,0.032258065,0,0,0,0,0.5,0,0,0,0,0,0,0,0,0,0,0,0,0.214285714,0,0.020491803,0,0,0,0.6
CN201620145757.4,0,0.008196721,0.021505376,0,0,0,0,0.5,0,0.066666667,0,0,0,0,0,0,0,0,0,0,0.214285714,0,0.020491803,0,0,0,0.6
CN201410406479.9,0,0.031147541,0.021505376,0.25,0.416666667,0.444444444,0.083333333,1,1,0.066666667,0,0,0,0,0,0,0,0.111111111,0.25,0.2,0.785714286,0,0.040983607,0.074074074,0,0,0.6
CN201410404768.5,0,0.029508197,0,0,0,0.444444444,0.083333333,1,1,0,0,0,0,0,0,0,0,0.111111111,0.166666667,0.2,0.785714286,0,0.036885246,0.074074074,0,0,0.6
CN201480054349.1,0,0.03442623,0,0,0.5,0.222222222,0.333333333,1,1,0.066666667,0,0,0.15625,0.238095238,0,0,1,0.222222222,0.333333333,0.4,0.785714286,1,0.086065574,0.333333333,0.333333333,0.333333333,1
CN201480067063.7,0,0.106557377,0,0.125,0.75,0,0.75,1,1,0.133333333,0.2,0.4,0.109375,0.166666667,0,0,1,0.222222222,0.25,0.4,0.785714286,1,0.077868852,0.185185185,0,0,1
CN201480067052.9,0,0.285245902,0,0.375,0.083333333,0,0.083333333,1,1,0.333333333,0.2,0.4,0.109375,0.166666667,0,0,1,0.222222222,0.25,0.4,0.785714286,1,0.102459016,0.592592593,0,0,1
CN201480067045.9,0,0.095081967,0,0.125,0.916666667,0.222222222,0.75,1,1,0.133333333,0.2,0.4,0.109375,0.166666667,0,0,1,0.222222222,0.25,0.2,0.785714286,1,0.069672131,0.074074074,0,0,1
CN201410497937.4,0,0.037704918,0,0,0.25,0.333333333,0,1,1,0.4,0,0.2,0.09375,0.142857143,0,0,0,0.222222222,0.333333333,0.4,0.785714286,0,0.040983607,0.074074074,0,0,1
CN201480025049.0,0,0.036065574,0.107526882,0,0,0,0,1,1,0.2,0.4,0.6,0.0625,0.095238095,0,0,1,0.222222222,0.333333333,0.4,0.785714286,1,0.086065574,0,0,0,1
CN201610522398.4,0,0.024590164,0.043010753,0.5,0.083333333,0.111111111,0,1,1,0.333333333,0.4,0.6,0.03125,0.023809524,0,0,0,0,0.083333333,0.2,0.928571429,1,0.040983607,0.074074074,0,0,1
CN201610520359.0,0,0.026229508,0.043010753,0.375,0.083333333,0.111111111,0,1,1,0.266666667,0.2,0.4,0.015625,0.023809524,0,0,0,0,0.083333333,0.2,0.928571429,1,0.040983607,0.074074074,0,0,1
CN201520899471.0,0,0.016393443,0.021505376,0,0,0,0,0.5,0,0,0,0,0,0,0,0,0,0.111111111,0.083333333,0,0.142857143,0,0.004098361,0.296296296,0,0,1
CN201510965358.2,0,0.01147541,0.043010753,0,0.416666667,0.555555556,0,1,1,0.066666667,0,0,0,0,0,0,0,0,0.166666667,0.4,0.857142857,0,0.024590164,0.074074074,0,0,1
CN201520652076.2,0,0.006557377,0.010752688,0,0,0,0,0.5,0,0,0,0,0,0,0,0,0,0,0,0,0.142857143,0,0.016393443,0.074074074,0,0,1
CN201410534690.9,0,0.044262295,0,0.125,0.25,0.333333333,0,1,1,0.6,0,0.2,0,0,0,0,0,0.222222222,0.25,0.2,0.785714286,0,0.045081967,0.074074074,0,0,1
CN201620051495.5,0,0.02295082,0.064516129,0,0,0,0,0.5,0,0.2,0.2,0.2,0,0,0,0,0,0.111111111,0.083333333,0,0.214285714,0,0.036885246,0,0,0,1
CN201510769900.7,0,0.019672131,0.021505376,0,0.333333333,0.333333333,0.083333333,1,1,0,0,0,0,0,0,0,0,0,0.083333333,0.2,0.857142857,0,0.016393443,0.259259259,0,0,1
CN201510732832.7,0,0.013114754,0.032258065,0,0.25,0.222222222,0.083333333,1,1,0.133333333,0.2,0.4,0,0,0,0,0,0,0.166666667,0.4,0.857142857,0,0.036885246,0.222222222,0.333333333,0.333333333,1
CN201410311258.3,0,0.039344262,0.129032258,0.375,0.166666667,0.222222222,0,1,1,0,0,0,0,0,0,0,0,0.222222222,0.25,0.2,0.785714286,0,0.045081967,0.074074074,0.333333333,0.333333333,1
CN201521016680.2,0,0.006557377,0.021505376,0,0,0,0,0.5,0,0.133333333,0,0,0,0,0,0,0,0,0,0,0.142857143,0,0.020491803,0.037037037,0,0,1
CN201520899181.6,0,0.019672131,0.021505376,0,0,0,0,0.5,0,0.066666667,0,0.2,0,0,0,0,0,0,0,0,0.142857143,0,0.016393443,0.407407407,0,0,1
CN201520866646.8,0,0.006557377,0.010752688,0,0,0,0,0.5,0,0,0,0,0,0,0,0,0,0,0,0,0.142857143,0,0.012295082,0,0,0,0.6
CN201520647763.5,0,0.006557377,0.010752688,0,0,0,0,0.5,0,0.066666667,0.2,0.2,0,0,0,0,0,0,0,0,0.142857143,0,0.016393443,0.074074074,0,0,1
CN201620806861.3,0,0.008196721,0.021505376,0,0,0,0,0.5,0,0.066666667,0.2,0.2,0,0,0,0,0,0,0,0,0.214285714,0,0.012295082,0.074074074,0,0,1
CN201620528539.9,0,0.009836066,0.021505376,0,0,0,0,0.5,0,0.266666667,0.2,0.2,0,0,0,0,0,0.111111111,0.083333333,0,0.214285714,0,0.020491803,0.185185185,0,0,1
CN201620513355.5,0,0.008196721,0.021505376,0,0,0,0,0.5,0,0,0,0,0,0,0,0,0,0,0,0,0.214285714,0,0.020491803,0.074074074,0,0,1
CN201620349827.8,0,0.006557377,0.010752688,0,0,0,0,0.5,0,0,0,0,0,0,0,0,0,0.111111111,0.083333333,0,0.214285714,0,0.024590164,0,0,0,1
CN201610223115.6,0,0.021311475,0,0,0.416666667,0.444444444,0.083333333,1,1,0.2,0,0.2,0,0,0,0,0,0,0.166666667,0.4,0.928571429,0,0.053278689,0.074074074,0,0,1
CN201610107107.5,0,0.01147541,0,0.25,0.25,0.222222222,0.083333333,1,1,0.533333333,0.2,0.6,0,0,0,0,0,0,0.166666667,0.4,0.928571429,0,0.028688525,0,0,0,1
CN201620652569.0,0,0.006557377,0.010752688,0,0,0,0,0.5,0,0.066666667,0.2,0.2,0,0,0,0,0,0,0,0,0.214285714,0,0.012295082,0.148148148,0,0,1
CN201620651968.5,0,0.006557377,0.032258065,0,0,0,0,0.5,0,0.2,0.2,0.2,0,0,0,0,0,0,0,0,0.214285714,0,0.020491803,0.148148148,0,0,1
CN201620651967.0,0,0.006557377,0.010752688,0,0,0,0,0.5,0,0.2,0.2,0.2,0,0,0,0,0,0,0,0,0.214285714,0,0.016393443,0.148148148,0,0,1
CN201610207972.7,0,0.018032787,0.032258065,0,0.416666667,0.555555556,0,1,1,0.066666667,0,0,0,0,0,0,0,0,0.166666667,0.4,0.928571429,0,0.028688525,0.037037037,0,0,0.8
CN201620374481.7,0,0.009836066,0.053763441,0,0,0,0,0.5,0,0.2,0,0.2,0,0,0,0,0,0.111111111,0.083333333,0,0.214285714,0,0.008196721,0.074074074,0,0,1
CN201610094158.9,0,0.01147541,0,0.25,0.25,0.222222222,0.083333333,1,1,0.133333333,0,0.2,0,0,0,0,0,0,0.25,0.4,0.928571429,0,0.024590164,0.074074074,0,0,1
CN201620516937.9,0,0.009836066,0.032258065,0,0,0,0,0.5,0,0,0,0,0,0,0,0,0,0,0,0,0.214285714,0,0.020491803,0.074074074,0,0,0.8
CN201620405472.X,0,0.01147541,0.032258065,0,0,0,0,0.5,0,0.066666667,0.2,0.2,0,0,0,0,0,0,0,0,0.214285714,0,0.040983607,0,0,0,1
CN201620334124.8,0,0.01147541,0.043010753,0,0,0,0,0.5,0,0.133333333,0,0.2,0,0,0,0,0,0,0,0,0.214285714,0,0.020491803,0,0,0,1
CN201510945981.1,0,0.008196721,0,0.625,0.333333333,0.444444444,0,1,1,0.2,0.2,0.2,0,0,0,0,0,0,0.25,0.4,0.857142857,0,0.032786885,0.037037037,0,0,0.8
CN201620209147.6,0,0.006557377,0.010752688,0,0,0,0,0.5,0,0.133333333,0.2,0.2,0,0,0,0,0,0,0,0,0.214285714,0,0.008196721,0,0,0,1
CN201620186173.1,0,0.006557377,0.010752688,0,0,0,0,0.5,0,0,0,0,0,0,0,0,0,0,0,0,0.214285714,0,0.028688525,0.111111111,0,0,1
CN201620123255.1,0,0.006557377,0.010752688,0,0,0,0,0.5,0,0.066666667,0,0,0,0,0,0,0,0.111111111,0.083333333,0,0.214285714,0,0.012295082,0,0,0,1
CN201620255423.2,0,0.004918033,0.010752688,0,0,0,0,0.5,0,0.066666667,0,0,0,0,0,0,0,0,0,0,0.214285714,0,0.004098361,0.111111111,0,0,1
CN201620187310.3,0,0.013114754,0.053763441,0,0,0,0,0.5,0,0.133333333,0,0,0,0,0,0,0,0,0,0,0.214285714,0,0.040983607,0.296296296,0,0,1
CN201620209153.1,0,0.006557377,0.010752688,0,0,0,0,0.5,0,0.133333333,0,0,0,0,0,0,0,0,0,0,0.214285714,0,0.024590164,0,0,0,1
CN201510937032.9,0,0.019672131,0,0.625,0.083333333,0.111111111,0,1,1,0.066666667,0.2,0.2,0,0,0,0,0,0,0.25,0.4,0.857142857,0,0.040983607,0.296296296,0,0,1
CN201620252550.7,0,0.004918033,0.010752688,0,0,0,0,0.5,0,0,0,0,0,0,0,0,0,0,0,0,0.214285714,0,0.004098361,0.111111111,0,0,1
CN201520631568.3,0,0.01147541,0.064516129,0,0,0,0,0.5,0,0.133333333,0.2,0.2,0,0,0,0,0,0.111111111,0.083333333,0,0.142857143,0,0.040983607,0.111111111,0,0,1
CN201620264221.4,0,0.006557377,0.010752688,0,0,0,0,0.5,0,0,0,0,0,0,0,0,0,0,0,0,0.214285714,0,0.004098361,0,0,0,0.6
CN201420719565.0,0,0.008196721,0.010752688,0,0,0,0,0.5,0,0.066666667,0,0,0,0,0,0,0,0.222222222,0.166666667,0,0.071428571,0,0.028688525,0.148148148,0,0,1
CN201620180605.8,0,0.013114754,0.010752688,0,0,0,0,0.5,0,0,0,0,0,0,0,0,0,0,0,0,0.214285714,0,0.032786885,0,0,0,1
CN201510717053.X,0,0.008196721,0,0.25,0.25,0.222222222,0.083333333,1,1,0,0,0,0,0,0,0,0,0,0.083333333,0.2,0.857142857,0,0.040983607,0.074074074,0,0,1
CN201510696754.X,0,0.02295082,0.150537634,0,0,0,0,1,1,0,0,0,0,0,0,0,0,0,0.166666667,0.2,0.857142857,0,0.028688525,0.148148148,0,0,1
CN201620010965.3,0,0.008196721,0.021505376,0,0,0,0,0.5,0,0.066666667,0,0,0,0,0,0,0,0,0,0,0.214285714,0,0.012295082,0,0,0,1
CN201410228792.8,0,0.008196721,0,0.125,0.416666667,0.444444444,0.083333333,1,1,0,0,0,0,0,0,0,0,0.222222222,0.333333333,0.4,0.785714286,0,0.032786885,0.037037037,0,0,1
CN201521135766.7,0,0.006557377,0.021505376,0,0,0,0,0.5,0,0,0,0,0,0,0,0,0,0,0,0,0.142857143,0,0.020491803,0.185185185,0,0,1
CN201521056914.6,0,0.006557377,0.010752688,0,0,0,0,0.5,0,0,0,0,0,0,0,0,0,0,0,0,0.142857143,0,0.016393443,0.111111111,0,0,1
CN201521056916.5,0,0.006557377,0.010752688,0,0,0,0,0.5,0,0.133333333,0.2,0.2,0,0,0,0,0,0,0,0,0.142857143,0,0.016393443,0.111111111,0,0,1
CN201521034243.3,0,0.01147541,0.064516129,0,0,0,0,0.5,0,0,0,0,0,0,0,0,0,0,0,0,0.142857143,0,0.032786885,0.111111111,0,0,1
CN201520882249.X,0,0.008196721,0.021505376,0,0,0,0,0.5,0,0,0,0,0,0,0,0,0,0.111111111,0.083333333,0,0.142857143,0,0.040983607,0,0,0,1
CN201521058960.X,0,0.009836066,0.021505376,0,0,0,0,0.5,0,0.066666667,0,0.2,0,0,0,0,0,0,0,0,0.142857143,0,0.020491803,0.148148148,0,0,1
CN201520782026.6,0,0.01147541,0.032258065,0,0,0,0,0.5,0,0,0,0,0,0,0,0,0,0.111111111,0.083333333,0,0.142857143,0,0.040983607,0.037037037,0,0,1
CN201521016624.9,0,0.006557377,0.021505376,0,0,0,0,0.5,0,0.066666667,0,0,0,0,0,0,0,0,0,0,0.142857143,0,0.020491803,0.037037037,0,0,1
CN201510795884.9,0,0.013114754,0.053763441,0,0.416666667,0.444444444,0.083333333,1,1,0.066666667,0.2,0.2,0,0,0,0,0,0.111111111,0.166666667,0.2,0.857142857,0,0.040983607,0,0,0,1
CN201520892035.0,0,0.006557377,0.021505376,0,0,0,0,0.5,0,0.066666667,0,0.2,0,0,0,0,0,0,0,0,0.142857143,0,0.004098361,0,0,0,1
CN201520893038.6,0,0.008196721,0.032258065,0,0,0,0,0.5,0,0,0,0,0,0,0,0,0,0,0,0,0.142857143,0,0.004098361,0,0,0,1
CN201520891695.7,0,0.008196721,0.021505376,0,0,0,0,0.5,0,0,0,0,0,0,0,0,0,0,0,0,0.142857143,0,0.004098361,0,0,0,1
CN201520782027.0,0,0.008196721,0.021505376,0,0,0,0,0.5,0,0.133333333,0,0,0,0,0,0,0,0.111111111,0.083333333,0,0.142857143,0,0.028688525,0.037037037,0,0,1
CN201520899149.8,0,0.018032787,0.021505376,0,0,0,0,0.5,0,0,0,0,0,0,0,0,0,0,0,0,0.142857143,0,0.004098361,0.259259259,0,0,1
CN201520890735.6,0,0.006557377,0.010752688,0,0,0,0,0.5,0,0,0,0,0,0,0,0,0,0,0,0,0.142857143,0,0.032786885,0.111111111,0,0,1
CN201520890676.2,0,0.006557377,0.010752688,0,0,0,0,0.5,0,0,0,0,0,0,0,0,0,0,0,0,0.142857143,0,0.036885246,0.037037037,0,0,1
CN201520831357.4,0,0.006557377,0.010752688,0,0,0,0,0.5,0,0.066666667,0.2,0.2,0,0,0,0,0,0,0,0,0.142857143,0,0.008196721,0.185185185,0,0,1
CN201610613736.5,0,0.01147541,0,0,0,0,0,1,1,0.533333333,0,0.2,0,0,0,0,0,0,0.166666667,0.4,0.928571429,0,0.036885246,0.074074074,0,0,1
CN201520781525.3,0,0.008196721,0.021505376,0,0,0,0,0.5,0,0.066666667,0.2,0.2,0,0,0,0,0,0,0,0,0.142857143,0,0.028688525,0,0,0,1
CN201380058511.2,0,0.16557377,0,0,0,0,0,1,1,0.466666667,0.2,0.4,0.4375,0.571428571,1,1,1,0.222222222,0.333333333,0.4,0.714285714,1,0.139344262,0.148148148,0,0,1
CN201380060281.3,0,0.239344262,1,0,0.083333333,0,0.083333333,1,1,0.066666667,0,0,0.140625,0.19047619,1,1,1,0.222222222,0.333333333,0.4,0.714285714,1,0.106557377,0.074074074,0,0,1
CN201380047390.1,0,0.449180328,0,0.125,0.5,0,0.5,1,1,0.2,0.2,0.4,0.109375,0.166666667,1,1,1,0.222222222,0.25,0.2,0.714285714,1,0.077868852,1,0,0,1
CN201410404811.8,0,0.027868852,0,0,0.5,0.444444444,0.166666667,1,1,0.133333333,0,0,0,0,0,0,0,0.111111111,0.166666667,0.2,0.785714286,0,0.036885246,0.074074074,0,0,0.6
CN201410405730.X,0,0.027868852,0,0,0.5,0.555555556,0.083333333,1,1,0.066666667,0,0,0,0,0,0,0,0.111111111,0.166666667,0.2,0.785714286,0,0.036885246,0.074074074,0,0,0.6
CN201510158154.8,0,0.050819672,0.150537634,0,0.416666667,0.333333333,0.166666667,1,1,0.133333333,0.4,0.4,0.0625,0.071428571,0,0,1,0.555555556,0.5,0.4,0.5,1,0.225409836,0.074074074,0,0,1
CN201510473903.6,0,0.649180328,0,0,0.166666667,0,0.166666667,1,1,0.933333333,0.2,0.4,0.609375,0.738095238,0,0,1,0.444444444,0.5,0.4,0.642857143,1,0.073770492,0.333333333,0,0,1
CN201510246787.4,0,0.163934426,0.107526882,0,0.333333333,0.111111111,0.25,1,1,0.333333333,0.2,0.4,0.515625,0.380952381,0,0,1,0.555555556,0.666666667,0.6,0.5,1,0.12295082,0.333333333,0,0,1
CN201380046810.4,0,0.167213115,0,0.25,0.666666667,0.444444444,0.333333333,1,1,0.333333333,0.2,0.4,0.359375,0.476190476,0,0,1,0.222222222,0.333333333,0.4,0.714285714,1,0.200819672,0.037037037,0,0,1
CN201510222295.1,0,0.055737705,0.204301075,0,0,0,0,1,1,0.133333333,0,0.2,0.3125,0.452380952,0,0,1,0.666666667,0.75,0.6,0.428571429,1,0.045081967,0.074074074,0,0,1
CN201380037994.8,0,0.045901639,0,0,0.416666667,0.222222222,0.25,1,1,0,0,0,0.28125,0.428571429,0,0,1,0.222222222,0.25,0.2,0.714285714,1,0.06147541,0.148148148,0.333333333,0.333333333,1
CN201410659089.2,0,0.055737705,0,0.125,0.333333333,0.333333333,0.083333333,1,1,0.266666667,0,0.2,0.21875,0.285714286,0,0,1,0.555555556,0.583333333,0.4,0.5,1,0.053278689,0.037037037,0,0,1
CN201380069324.4,0,0.019672131,0.032258065,0,0,0,0,1,1,0.133333333,0.2,0.4,0.203125,0.261904762,0,0,1,0.222222222,0.333333333,0.4,0.714285714,1,0.06557377,0.037037037,0,0,1
CN201480006648.8,0,0,0,0.5,0.75,0.777777778,0.166666667,1,1,0.266666667,0.4,0.6,0.171875,0.214285714,0,0,0,0.111111111,0.333333333,0.6,0.785714286,1,0.004098361,0.111111111,0,0,1
CN201380031739.2,0,0.309836066,0,0,0.25,0.111111111,0.166666667,1,1,0.2,0.2,0.4,0.140625,0.214285714,0,0,1,0.222222222,0.416666667,0.6,0.714285714,1,0.176229508,0.037037037,0,0,1
CN201380022245.8,0,0.106557377,0,0,0.416666667,0,0.416666667,1,1,0.333333333,0.2,0.6,0.109375,0.142857143,0,0,1,0.222222222,0.333333333,0.4,0.714285714,1,0.110655738,0.037037037,0,0,1
CN201510348311.1,0,0.014754098,0,1,0.166666667,0.222222222,0,1,1,0,0,0,0.078125,0.119047619,0,0,0,0,0.083333333,0.2,0.857142857,0,0.06557377,0.185185185,0,0,1
CN201380032597.1,0,0.083606557,0.064516129,0,0,0,0,1,1,0.2,0,0.2,0.078125,0.119047619,0,0,1,0.222222222,0.333333333,0.4,0.714285714,1,0.053278689,0.222222222,0,0,1
CN201310576837.6,0,0.119672131,0,0,0.166666667,0.111111111,0.083333333,1,1,0.2,0.2,0.4,0.0625,0.095238095,0,0,0,0.222222222,0.166666667,0.2,0.714285714,0,0.057377049,0.259259259,0,0,1
CN201480009452.4,0,0.060655738,0,0,0.166666667,0,0.166666667,1,1,0.2,0.2,0.4,0.0625,0.095238095,0,0,1,0.222222222,0.333333333,0.4,0.785714286,1,0.286885246,0.185185185,0,0,1
CN201410531089.4,0,0.016393443,0.032258065,0,0.25,0.222222222,0.083333333,1,1,0,0,0,0,0,0,0,0,0,0.083333333,0.2,0.785714286,0,0.016393443,0.111111111,0,0,1
CN201510028426.2,0,0.006557377,0,0,0.416666667,0.444444444,0.083333333,1,1,0.066666667,0,0,0,0,0,0,0,0,0.166666667,0.4,0.857142857,0,0.016393443,0.148148148,0,0,1
CN201410817323.X,0,0.016393443,0.021505376,0.125,0.25,0.222222222,0.083333333,1,1,0,0,0,0,0,0,0,0,0,0.166666667,0.2,0.785714286,0,0.036885246,0.148148148,0.333333333,0.333333333,1
CN201510357420.X,0,0.008196721,0,0.25,0.166666667,0.222222222,0,1,1,0,0,0,0,0,0,0,0,0,0.083333333,0.2,0.857142857,0,0.036885246,0.074074074,0,0,1
CN201410470085.X,0,0.018032787,0.043010753,0,0,0,0,1,1,0.2,0,0.2,0,0,0,0,0,0.111111111,0.25,0.4,0.785714286,0,0.028688525,0.185185185,0,0,0.8
CN201420817345.1,0,0.013114754,0.043010753,0,0,0,0,0.5,0,0.133333333,0,0,0,0,0,0,0,0,0,0,0.071428571,0,0.028688525,0,0,0,0.8
CN201410577370.1,0,0.013114754,0.010752688,0.125,0.166666667,0.222222222,0,1,1,0,0,0,0,0,0,0,0,0,0.166666667,0.2,0.785714286,0,0.040983607,0.074074074,0,0,1
CN201510409868.1,0,0.014754098,0,0,0.333333333,0.444444444,0,1,1,0.2,0,0.4,0,0,0,0,0,0,0.25,0.6,0.857142857,0,0.040983607,0.074074074,0,0,1
CN201520634366.4,0,0.006557377,0.021505376,0,0,0,0,0.5,0,0.066666667,0,0.2,0,0,0,0,0,0,0,0,0.142857143,0,0.020491803,0.148148148,0,0,1
CN201520471981.8,0,0.018032787,0.053763441,0,0,0,0,0.5,0,0.2,0,0,0,0,0,0,0,0,0,0,0.142857143,0,0.028688525,0.037037037,0,0,1
CN201510079028.3,0,0.03442623,0.064516129,0,0.333333333,0.222222222,0.166666667,1,1,0.2,0,0.2,0,0,0,0,0,0,0.25,0.4,0.857142857,0,0.077868852,0.074074074,0.333333333,0.333333333,1
CN201410815193.6,0,0.009836066,0,0.5,0.166666667,0.222222222,0,1,1,0.4,0,0.2,0,0,0,0,0,0,0.166666667,0.4,0.785714286,0,0.008196721,0,0,0,1
CN201410802063.9,0,0.013114754,0.032258065,0.125,0.416666667,0.444444444,0.083333333,1,1,0.466666667,0.2,0.6,0,0,0,0,0,0,0.166666667,0.2,0.785714286,0,0.040983607,0.111111111,0,0,0.8
CN201410796447.4,0,0.024590164,0.043010753,0,0.416666667,0.333333333,0.166666667,1,1,0.266666667,0,0.2,0,0,0,0,0,0,0.166666667,0.4,0.785714286,0,0.040983607,0,0,0,1
CN201410604455.4,0,0.014754098,0,0.25,0.25,0.222222222,0.083333333,1,1,0,0,0,0,0,0,0,0,0,0.166666667,0.4,0.785714286,0,0.040983607,0.185185185,0,0,1
CN201410707565.3,0,0.019672131,0.032258065,0.75,0.583333333,0.555555556,0.166666667,1,1,0.133333333,0.2,0.2,0,0,0,0,0,0,0.25,0.6,0.785714286,0,0.040983607,0.111111111,0,0,1
CN201420702605.0,0,0.008196721,0.010752688,0,0,0,0,0.5,0,0.133333333,0,0,0,0,0,0,0,0,0,0,0.071428571,0,0.020491803,0,0,0,1
CN201510634074.5,0,0.013114754,0.032258065,0.875,0.333333333,0.222222222,0.166666667,1,1,0.133333333,0.2,0.4,0,0,0,0,0,0,0.166666667,0.4,0.857142857,0,0.024590164,0.037037037,0,0,0.8
CN201420514629.3,0,0.008196721,0.021505376,0,0,0,0,0.5,0,0,0,0,0,0,0,0,0,0,0,0,0.071428571,0,0.008196721,0.074074074,0,0,1
CN201430457319.8,0,0.037704918,0.258064516,0,0,0,0,0.5,0,0,0,0,0,0,0,0,1,0.111111111,0.083333333,0,0.071428571,1,0,0,0,0,1
CN201430349226.3,0,0.001639344,0.021505376,0,0,0,0,0.5,0,0,0,0,0,0,0,0,0,0.111111111,0.083333333,0,0.071428571,0,0,0.111111111,0,0,1
CN201510412640.8,0,0.013114754,0,0,0.25,0.333333333,0,1,1,0.333333333,0,0.2,0,0,0,0,0,0,0.166666667,0.4,0.857142857,0,0.040983607,0.148148148,0,0,1
CN201510313438.X,0,0.047540984,0.129032258,0.125,0.75,0.888888889,0.083333333,1,1,0,0,0,0,0,0,0,0,0,0.25,0.6,0.857142857,0,0.036885246,0.222222222,0.333333333,0.333333333,1
CN201520659091.X,0,0.006557377,0.010752688,0,0,0,0,0.5,0,0.066666667,0.2,0.2,0,0,0,0,0,0,0,0,0.142857143,0,0.024590164,0.148148148,0,0,1
CN201510005951.2,0,0.026229508,0.053763441,0.5,0.333333333,0.333333333,0.083333333,1,1,0.2,0,0,0,0,0,0,0,0.111111111,0.25,0.6,0.857142857,0,0.020491803,0.074074074,0,0,1
CN201510268710.7,0,0.031147541,0.032258065,0.125,0.166666667,0.222222222,0,1,1,0.533333333,0.6,1,0,0,0,0,0,0,0.25,0.6,0.857142857,0,0.040983607,0.185185185,0,0,0.8
CN201510230584.6,0,0.016393443,0,0.375,0.25,0.222222222,0.083333333,1,1,0.266666667,0,0.2,0,0,0,0,0,0,0.25,0.4,0.857142857,0,0.040983607,0.259259259,0.333333333,0.333333333,1
CN201510221516.3,0,0.008196721,0,0.375,0.083333333,0.111111111,0,1,1,0.066666667,0.2,0.2,0,0,0,0,0,0,0.166666667,0.2,0.857142857,0,0.032786885,0.185185185,0,0,1
CN201510234922.3,0,0.006557377,0,0.375,0.25,0.222222222,0.083333333,1,1,0,0,0,0,0,0,0,0,0,0.166666667,0.4,0.857142857,0,0.024590164,0.037037037,0,0,1
CN201510119223.4,0,0.013114754,0,0,0.083333333,0.111111111,0,1,1,0,0,0,0,0,0,0,0,0,0.083333333,0.2,0.857142857,0,0.040983607,0.037037037,0,0,1
CN201520488211.4,0,0.01147541,0.086021505,0,0,0,0,0.5,0,0.066666667,0,0,0,0,0,0,0,0,0,0,0.142857143,0,0.020491803,0,0,0,1
CN201520397110.6,0,0.009836066,0.032258065,0,0,0,0,0.5,0,0.066666667,0.2,0.2,0,0,0,0,0,0,0,0,0.142857143,0,0.024590164,0.074074074,0,0,1
CN201520283916.2,0,0.01147541,0.053763441,0,0,0,0,0.5,0,0,0,0,0,0,0,0,0,0,0,0,0.142857143,0,0.024590164,0.074074074,0,0,1
CN201520454059.8,0,0.006557377,0.010752688,0,0,0,0,0.5,0,0,0,0,0,0,0,0,0,0,0,0,0.142857143,0,0.012295082,0.111111111,0,0,1
CN201520453904.X,0,0.006557377,0.021505376,0,0,0,0,0.5,0,0,0,0,0,0,0,0,0,0,0,0,0.142857143,0,0.008196721,0.111111111,0,0,1
CN201510124651.6,0,0.014754098,0.021505376,0.25,0.166666667,0.222222222,0,1,1,0.066666667,0,0.2,0,0,0,0,0,0,0.25,0.6,0.857142857,0,0.040983607,0.296296296,0,0,0.8
CN201520355128.X,0,0.006557377,0.010752688,0,0,0,0,0.5,0,0.066666667,0,0,0,0,0,0,0,0,0,0,0.142857143,0,0.012295082,0.074074074,0,0,1
CN201520283715.2,0,0.008196721,0.010752688,0,0,0,0,0.5,0,0,0,0,0,0,0,0,0,0,0,0,0.142857143,0,0.016393443,0.111111111,0,0,1
CN201410707573.8,0,0.01147541,0.043010753,0.125,0.5,0.333333333,0.25,1,1,0.133333333,0.2,0.4,0,0,0,0,0,0.111111111,0.333333333,0.6,0.785714286,0,0.020491803,0.037037037,0,0,1
CN201510080677.5,0,0.013114754,0,0.5,0.166666667,0.111111111,0.083333333,1,1,0.2,0,0.2,0,0,0,0,0,0,0.333333333,0.6,0.857142857,0,0.028688525,0.074074074,0,0,1
CN201510009592.8,0,0.013114754,0,0.375,0.25,0.333333333,0,1,1,0,0,0,0,0,0,0,0,0,0.25,0.4,0.857142857,0,0.040983607,0.111111111,0,0,1
CN201510073030.X,0,0.009836066,0,0.125,0.25,0.333333333,0,1,1,0.2,0,0.2,0,0,0,0,0,0,0.083333333,0.2,0.857142857,0,0.032786885,0.148148148,0,0,1
CN201410568712.3,0,0.068852459,0,0,0.166666667,0.222222222,0,1,1,0.2,0,0.2,0,0,0,0,0,0.111111111,0.25,0.6,0.785714286,1,0.12295082,0.074074074,0,0,1
CN201520211338.1,0,0.006557377,0.010752688,0,0,0,0,0.5,0,0,0,0,0,0,0,0,0,0,0,0,0.142857143,0,0.040983607,0.074074074,0,0,1
CN201520200751.8,0,0.006557377,0.021505376,0,0,0,0,0.5,0,0.066666667,0,0,0,0,0,0,0,0,0,0,0.142857143,0,0.032786885,0.074074074,0,0,1
CN201410748075.8,0,0.009836066,0,0.25,0.166666667,0.222222222,0,1,1,0.066666667,0,0.2,0,0,0,0,0,0,0.25,0.6,0.785714286,0,0.012295082,0.148148148,0,0,1
CN201410727015.8,0,0.01147541,0,0,0.25,0.222222222,0.083333333,1,1,0.133333333,0,0,0,0,0,0,0,0,0.083333333,0,0.785714286,0,0.040983607,0.074074074,0,0,0.8
CN201410705990.9,0,0.018032787,0,0,0.25,0.222222222,0.083333333,1,1,0.133333333,0,0.2,0,0,0,0,0,0,0.25,0.4,0.785714286,0,0.016393443,0.111111111,0,0,1
CN201410592089.5,0,0.01147541,0.021505376,0.375,0.25,0.222222222,0.083333333,1,1,0,0,0,0,0,0,0,0,0,0.166666667,0.2,0.785714286,0,0.040983607,0.074074074,0,0,1
CN201410797659.4,0,0.03442623,0,0,0,0,0,1,1,0.4,0,0.2,0,0,0,0,0,0,0.166666667,0.4,0.785714286,0,0.040983607,0,0,0,1
CN201310639468.0,0,0.021311475,0.043010753,0,0,0,0,1,1,0,0,0,0,0,0,0,0,0.111111111,0.25,0.2,0.714285714,0,0.040983607,0.074074074,0,0,1
CN201420784611.5,0,0.006557377,0.021505376,0,0,0,0,0.5,0,0.066666667,0.2,0.2,0,0,0,0,0,0,0,0,0.071428571,0,0.024590164,0.074074074,0,0,1
CN201410705354.6,0,0.01147541,0.010752688,0,0.333333333,0.333333333,0.083333333,1,1,0.133333333,0.2,0.2,0,0,0,0,0,0,0.166666667,0.4,0.785714286,0,0.024590164,0.111111111,0,0,1
CN201420681858.4,0,0.009836066,0.043010753,0,0,0,0,0.5,0,0.133333333,0,0,0,0,0,0,0,0.111111111,0.083333333,0,0.071428571,0,0.032786885,0,0,0,1
CN201410577374.X,0,0.01147541,0.010752688,0.25,0.166666667,0.222222222,0,1,1,0.133333333,0,0,0,0,0,0,0,0,0.166666667,0.4,0.785714286,0,0.040983607,0.074074074,0,0,1
CN201310354414.X,0,0.029508197,0,0.375,0.25,0.222222222,0.083333333,1,1,0,0,0,0,0,0,0,0,0.222222222,0.25,0.2,0.714285714,0,0.040983607,0.111111111,0,0,1
CN201410571048.8,0,0.018032787,0.053763441,0.375,0.5,0.444444444,0.166666667,1,1,0.066666667,0.2,0.2,0,0,0,0,0,0,0.166666667,0.2,0.785714286,0,0.036885246,0.148148148,0,0,0.8
CN201410747747.3,0,0.019672131,0,0,0.166666667,0.222222222,0,1,1,0.4,0,0.2,0,0,0,0,0,0,0.166666667,0.4,0.785714286,0,0.032786885,0.111111111,0,0,1
CN201420764318.2,0,0.006557377,0.010752688,0,0,0,0,0.5,0,0,0,0,0,0,0,0,0,0,0,0,0.071428571,0,0.012295082,0.074074074,0,0,1
CN201420764331.8,0,0.006557377,0.010752688,0,0,0,0,0.5,0,0,0,0,0,0,0,0,0,0,0,0,0.071428571,0,0.020491803,0.037037037,0,0,1
CN201410586493.1,0,0.013114754,0.021505376,0,0.333333333,0.333333333,0.083333333,1,1,0.133333333,0,0,0,0,0,0,0,0,0.166666667,0.4,0.785714286,0,0.040983607,0.111111111,0,0,1
CN201410679838.8,0,0.008196721,0.010752688,0,0.333333333,0.333333333,0.083333333,1,1,0.066666667,0,0,0,0,0,0,0,0,0.083333333,0.2,0.785714286,0,0.016393443,0,0,0,1
CN201410539288.X,0,0.013114754,0.043010753,0.25,0.166666667,0.222222222,0,1,1,0,0,0,0,0,0,0,0,0,0.083333333,0.2,0.785714286,0,0.040983607,0.074074074,0,0,1
CN201410585070.8,0,0.009836066,0,0.125,0.416666667,0.444444444,0.083333333,1,1,0.266666667,0,0.2,0,0,0,0,0,0,0.166666667,0.4,0.785714286,0,0.024590164,0.037037037,0,0,1
CN201410514668.8,0,0.01147541,0,0.5,0.166666667,0.111111111,0.083333333,1,1,0.2,0,0.2,0,0,0,0,0,0,0.166666667,0.4,0.785714286,0,0.016393443,0.111111111,0,0,1
CN201510644212.8,0,0.01147541,0,0,0.333333333,0.222222222,0.166666667,1,1,0,0,0,0,0,0,0,0,0,0.166666667,0.4,0.857142857,0,0.036885246,0.111111111,0.333333333,0.333333333,1
CN201510578250.8,0,0.013114754,0.021505376,0.125,0.583333333,0.555555556,0.166666667,1,1,0,0,0,0,0,0,0,0,0,0.166666667,0.4,0.857142857,0,0.008196721,0,0.333333333,0.333333333,1
CN201510424531.8,0,0.019672131,0.043010753,0.25,0.083333333,0,0.083333333,1,1,0.266666667,0.2,0.4,0,0,0,0,0,0,0.166666667,0.4,0.857142857,0,0.040983607,0.111111111,0,0,1
CN201510193889.4,0,0.075409836,0,0,0.333333333,0.333333333,0.083333333,1,1,0.333333333,0.2,0.6,0,0,0,0,0,0.111111111,0.25,0.4,0.857142857,1,0.036885246,0.222222222,0,0,1
 ,0,0.145901639,0,0,0,0,0,1,1,0.4,0.2,0.4,1,0.714285714,1,1,1,0.444444444,0.5,0.4,0.428571429,1,0.032786885,0.111111111,0,0,1
CN201280069475.5,0,0.378688525,0.010752688,0.25,0.416666667,0.111111111,0.333333333,1,1,1,0.4,0.8,0.453125,0.547619048,1,1,1,0.222222222,0.416666667,0.6,0.642857143,1,1,0.148148148,0,0,1
CN201280065864.0,0,0.026229508,0,0,0.25,0.111111111,0.166666667,1,1,0.333333333,0.4,0.6,0.09375,0.166666667,1,1,1,0.222222222,0.333333333,0.6,0.642857143,1,0.077868852,0,0,0,0.8
CN201310590639.5,0,0.01147541,0,0.125,0.166666667,0.111111111,0.083333333,1,1,0,0,0,0,0,0,0,0,0,0.083333333,0.2,0.714285714,0,0.036885246,0.074074074,0,0,1
CN201410289326.0,0,0.024590164,0.064516129,0.25,0.166666667,0.111111111,0.083333333,1,1,0.066666667,0,0.2,0,0,0,0,0,0,0.25,0.4,0.785714286,0,0.032786885,0,0.333333333,0,1
CN201310571926.1,0,0.009836066,0,0,0.333333333,0.333333333,0.083333333,1,1,0.8,0,0.2,0,0,0,0,0,0,0.166666667,0.4,0.714285714,0,0.040983607,0,0,0,0.6
CN201410085194.X,0,0.026229508,0.043010753,0.25,0.333333333,0.333333333,0.083333333,1,1,0.866666667,0.2,0.4,0,0,0,0,0,0,0.25,0.6,0.785714286,0,0.040983607,0,0,0,0.6
CN201420273895.1,0,0.006557377,0.010752688,0,0,0,0,0.5,0,0,0,0,0,0,0,0,0,0,0,0,0.071428571,0,0.008196721,0.074074074,0,0,1
CN201410180156.2,0,0.01147541,0,0,0.166666667,0.222222222,0,1,1,0.266666667,0,0.2,0,0,0,0,0,0,0.166666667,0.4,0.785714286,0,0.028688525,0,0,0,0.6
CN201310434178.2,0,0.006557377,0,0.5,0.166666667,0.111111111,0.083333333,1,1,0.266666667,0,0.2,0,0,0,0,0,0,0.333333333,0.8,0.714285714,0,0.024590164,0,0,0,0.6
CN201430104294.3,0,0.008196721,0.064516129,0,0,0,0,0.5,0,0,0,0,0,0,0,0,0,0.111111111,0.083333333,0,0.071428571,0,0,0.148148148,0,0,1
CN201430104267.6,0,0.008196721,0.064516129,0,0,0,0,0.5,0,0,0,0,0,0,0,0,0,0,0,0,0.071428571,0,0,0.148148148,0,0,1
CN201330225129.9,0,0.009836066,0.075268817,0,0,0,0,0.5,0,0,0,0,0,0,0,0,0,0.111111111,0.083333333,0,0,0,0,0.111111111,0,0,1
CN201330222598.5,0,0.009836066,0.075268817,0,0,0,0,0.5,0,0,0,0,0,0,0,0,0,0.111111111,0.083333333,0,0,0,0,0.111111111,0,0,1
CN201280020416.9,0,0.406557377,0,0,0.166666667,0,0.166666667,1,1,0.266666667,0.2,0.4,0.484375,0.714285714,0,0,1,0.222222222,0.333333333,0.4,0.642857143,1,0.18442623,0.333333333,0,0,1
CN201410121093.3,0,0.1,0,0,0.083333333,0,0.083333333,1,1,0.333333333,0.2,0.4,0.359375,0.333333333,0,0,1,0.555555556,0.583333333,0.4,0.428571429,1,0.147540984,0.111111111,0,0,1
CN201280023262.9,0,0.38852459,0,0,0.333333333,0.111111111,0.25,1,1,0.133333333,0.2,0.4,0.28125,0.357142857,0,0,1,0.222222222,0.333333333,0.6,0.642857143,1,0.192622951,0.037037037,0,0,1
CN201280012944.X,0,0.090163934,0.021505376,0,0.25,0.111111111,0.166666667,1,1,0.266666667,0.2,0.4,0.25,0.30952381,0,0,1,0.222222222,0.416666667,0.6,0.642857143,1,0.118852459,0.296296296,0.333333333,0.333333333,1
CN201280049268.3,0,0.147540984,0,0,0.166666667,0,0.166666667,1,1,0.133333333,0.2,0.4,0.1875,0.261904762,0,0,1,0.222222222,0.333333333,0.4,0.642857143,1,0.118852459,0.481481481,0.333333333,0.333333333,1
CN201280024118.7,0,0.257377049,0,0.125,0.75,0.222222222,0.583333333,1,1,0.333333333,0.2,0.4,0.125,0.19047619,0,0,1,0.222222222,0.333333333,0.6,0.642857143,1,0.241803279,0.185185185,0.333333333,0.333333333,1
CN201280033592.6,0,0.201639344,0.225806452,0.125,0.25,0.222222222,0.083333333,1,1,0.066666667,0.2,0.2,0.125,0.166666667,0,0,1,0.222222222,0.5,0.8,0.642857143,1,0.086065574,0.111111111,0,0,1
CN201280048931.8,0,0.037704918,0.279569892,0,0.25,0.222222222,0.083333333,1,1,0.066666667,0,0,0.109375,0.166666667,0,0,1,0.222222222,0.25,0.2,0.642857143,1,0.049180328,0,0,0,1
CN201280052426.0,0,0.047540984,0.096774194,0,0.333333333,0.333333333,0.083333333,1,1,0,0,0,0.109375,0.142857143,0,0,1,0.222222222,0.5,0.8,0.642857143,1,0.290983607,0.037037037,0,0,1
CN201380005489.5,0,0.026229508,0.182795699,0,0.416666667,0.222222222,0.25,1,1,0.133333333,0.2,0.2,0.078125,0.119047619,0,0,1,0.222222222,0.25,0.2,0.714285714,1,0.040983607,0,0,0,1
CN201280044108.X,0,0.026229508,0.086021505,0,0.583333333,0.111111111,0.5,1,1,0,0,0,0.0625,0.095238095,0,0,1,0.222222222,0.25,0.4,0.642857143,1,0.135245902,0.074074074,0,0,1
CN201280064835.2,0,0.027868852,0,0.125,0.166666667,0.222222222,0,1,1,0.2,0,0,0.0625,0.095238095,0,0,1,0.222222222,0.416666667,0.8,0.642857143,1,0.069672131,0.037037037,0,0,1
CN201210339374.7,0,0.026229508,0.043010753,0.125,0.166666667,0.111111111,0.083333333,1,1,0.2,0,0.2,0.015625,0.023809524,0,0,0,0.222222222,0.333333333,0.6,0.642857143,0,0.057377049,0.185185185,0.333333333,0.333333333,1
CN201410231509.7,0,0.009836066,0,0.125,0.416666667,0.333333333,0.166666667,1,1,0,0,0,0,0,0,0,0,0,0.166666667,0.4,0.785714286,0,0.016393443,0.037037037,0,0,1
CN201310256234.8,0,0.009836066,0.010752688,0,0.333333333,0.333333333,0.083333333,1,1,0.066666667,0,0,0,0,0,0,0,0.111111111,0.333333333,0.4,0.714285714,0,0.036885246,0.074074074,0,0,0.8
CN201410201688.X,0,0.013114754,0.043010753,0.125,0.25,0.222222222,0.083333333,1,1,0.133333333,0.2,0.4,0,0,0,0,0,0,0.25,0.4,0.785714286,0,0.016393443,0.037037037,0,0,0.8
CN201310618744.5,0,0.018032787,0.010752688,0.125,0.166666667,0.222222222,0,1,1,0.2,0.2,0.6,0,0,0,0,0,0,0.166666667,0.4,0.714285714,0,0.028688525,0.148148148,0,0,1
CN201310043043.3,0,0.008196721,0,0.125,0.416666667,0.444444444,0.083333333,1,1,0.066666667,0,0,0,0,0,0,0,0.222222222,0.25,0.4,0.714285714,0,0.028688525,0.148148148,0,0,1
CN201310649131.8,0,0.026229508,0.021505376,0,0,0,0,1,1,0.2,0,0.4,0,0,0,0,0,0,0.166666667,0.4,0.714285714,0,0.020491803,0.111111111,0,0,0.8
CN201310573517.5,0,0.014754098,0,0,0.25,0.333333333,0,1,1,0.2,0,0,0,0,0,0,0,0,0.166666667,0.4,0.714285714,0,0.028688525,0.111111111,0,0,1
CN201410265665.5,0,0.01147541,0,0,0.333333333,0.222222222,0.166666667,1,1,0.066666667,0,0,0,0,0,0,0,0,0.083333333,0.2,0.785714286,0,0.028688525,0.037037037,0,0,1
CN201410177417.5,0,0.024590164,0.086021505,0.125,0.166666667,0.111111111,0.083333333,1,1,0.266666667,0.2,0.4,0,0,0,0,0,0,0.166666667,0.4,0.785714286,0,0.012295082,0.111111111,0,0,0.8
CN201410013681.5,0,0.008196721,0.010752688,0.125,0.25,0.222222222,0.083333333,1,1,0,0,0,0,0,0,0,0,0,0.166666667,0.4,0.785714286,0,0.020491803,0.037037037,0,0,1
CN201310568602.2,0,0.018032787,0.053763441,0,0.25,0.222222222,0.083333333,1,1,0.066666667,0,0,0,0,0,0,0,0,0.083333333,0.2,0.714285714,0,0.004098361,0.111111111,0,0,1
CN201310456846.1,0,0.01147541,0.010752688,0.125,0.5,0.666666667,0,1,1,0.066666667,0.2,0.2,0,0,0,0,0,0,0.166666667,0.2,0.714285714,0,0.012295082,0.037037037,0,0,0.8
CN201410367947.6,0,0.014754098,0.086021505,0,0.25,0.333333333,0,1,1,0,0,0,0,0,0,0,0,0,0.083333333,0.2,0.785714286,0,0.040983607,0,0,0,1
CN201410111617.0,0,0.004918033,0,0.25,0.25,0.222222222,0.083333333,1,1,0.066666667,0,0,0,0,0,0,0,0,0.166666667,0.4,0.785714286,0,0.016393443,0,0,0,1
CN201410176396.5,0,0.02295082,0.086021505,0.125,0.166666667,0.111111111,0.083333333,1,1,0.2,0.2,0.4,0,0,0,0,0,0,0.166666667,0.4,0.785714286,0,0.012295082,0.111111111,0,0,0.8
CN201420272808.0,0,0.019672131,0.053763441,0,0,0,0,0.5,0,0.066666667,0,0,0,0,0,0,0,0,0,0,0.071428571,0,0.012295082,0.222222222,0,0,1
CN201410147880.5,0,0.027868852,0,0,0.166666667,0.222222222,0,1,1,0.133333333,0,0,0,0,0,0,0,0,0.083333333,0.2,0.785714286,0,0.040983607,0,0,0,1
CN201420179272.8,0,0.004918033,0.010752688,0,0,0,0,0.5,0,0,0,0,0,0,0,0,0,0,0,0,0.071428571,0,0.008196721,0.074074074,0,0,1
CN201210426407.1,0,0.008196721,0.010752688,0.125,0.416666667,0.333333333,0.166666667,1,1,0.2,0.2,0.4,0,0,0,0,0,0.222222222,0.333333333,0.4,0.642857143,0,0.024590164,0.074074074,0,0,0.8
CN201320808560.0,0,0.006557377,0.010752688,0,0,0,0,0.5,0,0.066666667,0,0,0,0,0,0,0,0,0,0,0,0,0.012295082,0,0,0,1
CN201210256097.3,0,0.027868852,0.053763441,0.125,0.25,0.111111111,0.166666667,1,1,0.066666667,0,0.2,0,0,0,0,0,0.222222222,0.25,0.2,0.642857143,0,0.020491803,0.074074074,0,0,0.8
CN201320570235.5,0,0.004918033,0.010752688,0,0,0,0,0.5,0,0.066666667,0,0,0,0,0,0,0,0.111111111,0.083333333,0,0,0,0.004098361,0.111111111,0,0,1
CN201410495678.1,0,0.01147541,0,0.125,0.083333333,0.111111111,0,1,1,0.133333333,0,0,0,0,0,0,0,0,0.25,0.6,0.785714286,0,0.036885246,0.037037037,0,0,1
CN201410384023.7,0,0.013114754,0.032258065,0.125,0.166666667,0.111111111,0.083333333,1,1,0,0,0,0,0,0,0,0,0,0.166666667,0.4,0.785714286,0,0.012295082,0.074074074,0,0,1
CN201410299293.8,0,0.013114754,0,0.25,0.25,0.333333333,0,1,1,0.6,0,0.2,0,0,0,0,0,0,0.166666667,0.4,0.785714286,0,0.020491803,0,0.333333333,0.333333333,0.8
CN201420465554.4,0,0.021311475,0.021505376,0,0,0,0,0.5,0,0.066666667,0,0,0,0,0,0,0,0,0,0,0.071428571,0,0.020491803,0.074074074,0,0,0.6
CN201430104345.2,0,0.004918033,0.043010753,0,0,0,0,0.5,0,0,0,0,0,0,0,0,0,0,0,0,0.071428571,0,0,0.148148148,0,0,1
CN201420257920.7,0,0.008196721,0.021505376,0,0,0,0,0.5,0,0.133333333,0,0,0,0,0,0,0,0.111111111,0.083333333,0,0.071428571,0,0.028688525,0.074074074,0,0,1
CN201420257843.5,0,0.009836066,0.043010753,0,0,0,0,0.5,0,0,0,0,0,0,0,0,0,0.111111111,0.083333333,0,0.071428571,0,0.032786885,0.074074074,0,0,1
CN201310025489.3,0,0.03442623,0,0,0,0,0,1,1,0.133333333,0.2,0.4,0,0,0,0,0,0.111111111,0.333333333,0.4,0.714285714,0,0.028688525,0.074074074,0,0,1
CN201410176080.6,0,0.018032787,0,0.125,0.083333333,0,0.083333333,1,1,0.133333333,0,0.2,0,0,0,0,0,0,0.166666667,0.4,0.785714286,0,0.040983607,0.037037037,0,0,1
CN201420175635.0,0,0.009836066,0.021505376,0,0,0,0,0.5,0,0,0,0,0,0,0,0,0,0.111111111,0.083333333,0,0.071428571,0,0.040983607,0.074074074,0,0,1
CN201420249902.4,0,0.008196721,0.010752688,0,0,0,0,0.5,0,0.2,0.2,0.2,0,0,0,0,0,0,0,0,0.071428571,0,0.024590164,0.148148148,0,0,1
CN201420205248.7,0,0.004918033,0.010752688,0,0,0,0,0.5,0,0,0,0,0,0,0,0,0,0,0,0,0.071428571,0,0.008196721,0.074074074,0,0,1
CN201410050433.8,0,0.004918033,0,0.25,0.083333333,0.111111111,0,1,1,0,0,0,0,0,0,0,0,0,0.166666667,0.4,0.785714286,0,0.028688525,0.37037037,0,0,1
CN201210426334.6,0,0.016393443,0.021505376,0,0,0,0,1,1,0.333333333,0,0.2,0,0,0,0,0,0.222222222,0.25,0.4,0.642857143,0,0.024590164,0.037037037,0,0,0.8
CN201410054696.6,0,0.059016393,0.010752688,0,0.333333333,0.222222222,0.166666667,1,1,0.133333333,0,0,0,0,0,0,0,0,0.166666667,0.2,0.785714286,0,0.040983607,0.074074074,0,0,0.8
CN201310750286.0,0,0.009836066,0.032258065,0.125,0.333333333,0.333333333,0.083333333,1,1,0.066666667,0,0,0,0,0,0,0,0,0.166666667,0.4,0.714285714,0,0.004098361,0.148148148,0,0,1
CN201310714463.X,0,0.01147541,0,0.125,0.166666667,0.222222222,0,1,1,0.2,0,0.2,0,0,0,0,0,0,0.166666667,0.4,0.714285714,0,0.036885246,0.111111111,0,0,1
CN201320808606.9,0,0.006557377,0.010752688,0,0,0,0,0.5,0,0,0,0,0,0,0,0,0,0.111111111,0.083333333,0,0,0,0.016393443,0,0,0,1
CN201320567860.4,0,0.004918033,0,0,0,0,0,0.5,0,0,0,0,0,0,0,0,0,0.111111111,0.083333333,0,0,0,0.004098361,0.111111111,0,0,1
CN201310664815.5,0,0.026229508,0,0,0.25,0.333333333,0,1,1,0.2,0,0.2,0,0,0,0,0,0,0.083333333,0.2,0.714285714,0,0.040983607,0.111111111,0,0,1
CN201320604720.X,0,0.006557377,0.010752688,0,0,0,0,0.5,0,0.266666667,0.4,0.6,0,0,0,0,0,0.111111111,0.083333333,0,0,0,0.016393443,0,0,0,1
CN201310552506.9,0,0.008196721,0,0.25,0.083333333,0.111111111,0,1,1,0,0,0,0,0,0,0,0,0,0.166666667,0.2,0.714285714,0,0.020491803,0.222222222,0,0,1
CN201310528387.3,0,0.02295082,0,0.125,0.333333333,0.333333333,0.083333333,1,1,0.066666667,0,0,0,0,0,0,0,0,0.083333333,0.2,0.714285714,0,0.028688525,0.074074074,0,0,1
CN201310534320.0,0,0.016393443,0,0.125,0.25,0.333333333,0,1,1,0.466666667,0,0.2,0,0,0,0,0,0,0.166666667,0.4,0.714285714,0,0.028688525,0.074074074,0,0,1
CN201210228177.8,0,0.026229508,0,0,0.25,0.222222222,0.083333333,1,1,0.133333333,0,0.2,0,0,0,0,0,0.222222222,0.25,0.4,0.642857143,0,0.040983607,0.148148148,0,0,1
CN201320571046.X,0,0.004918033,0.010752688,0,0,0,0,0.5,0,0,0,0,0,0,0,0,0,0.111111111,0.083333333,0,0,0,0.004098361,0.111111111,0,0,1
CN201320593527.0,0,0.008196721,0.021505376,0,0,0,0,0.5,0,0,0,0,0,0,0,0,0,0,0,0,0,0,0.020491803,0.259259259,0,0,1
CN201320598432.8,0,0.009836066,0.032258065,0,0,0,0,0.5,0,0.066666667,0,0,0,0,0,0,0,0,0,0,0,0,0.024590164,0.222222222,0,0,1
CN201320297197.0,0,0.006557377,0.010752688,0,0,0,0,0.5,0,0.066666667,0.2,0.2,0,0,0,0,0,0.111111111,0.083333333,0,0,0,0.020491803,0.111111111,0,0,1
CN201320513046.4,0,0.009836066,0.053763441,0,0,0,0,0.5,0,0.066666667,0,0,0,0,0,0,0,0,0,0,0,0,0.016393443,0.037037037,0,0,1
CN201320459847.7,0,0.006557377,0.010752688,0,0,0,0,0.5,0,0.133333333,0,0,0,0,0,0,0,0,0,0,0,0,0.004098361,0,0,0,0.8
CN201410413100.7,0,0.013114754,0,0.125,0.25,0.222222222,0.083333333,1,1,0.266666667,0.2,0.4,0,0,0,0,0,0,0.166666667,0.2,0.785714286,0,0.040983607,0.259259259,0,0,1
CN201410436216.2,0,0.009836066,0,0.375,0.166666667,0.111111111,0.083333333,1,1,0.333333333,0,0.2,0,0,0,0,0,0,0.333333333,0.6,0.785714286,0,0.032786885,0.148148148,0,0,0.8
CN201410393381.4,0,0.016393443,0.032258065,0.125,0.333333333,0.444444444,0,1,1,0.066666667,0,0.2,0,0,0,0,0,0,0.083333333,0,0.785714286,0,0.036885246,0.037037037,0,0,1
CN201310136164.2,0,0.008196721,0.010752688,0,0.5,0.222222222,0.333333333,1,1,0,0,0,0,0,0,0,0,0.222222222,0.25,0.4,0.714285714,0,0.036885246,0.111111111,0,0,1
CN201410270863.0,0,0.008196721,0.043010753,0.375,0.083333333,0.111111111,0,1,1,0.533333333,0.2,0.4,0,0,0,0,0,0,0.25,0.6,0.785714286,0,0.020491803,0.148148148,0,0,1
CN201420241412.X,0,0.006557377,0.010752688,0,0,0,0,0.5,0,0.066666667,0,0,0,0,0,0,0,0.111111111,0.083333333,0,0.071428571,0,0.012295082,0.037037037,0,0,1
